법정동코드,법정동명
11110101,서울특별시 종로구 청운동
11110102,서울특별시 종로구 신교동
11110103,서울특별시 종로구 궁정동
11110104,서울특별시 종로구 효자동
11110105,서울특별시 종로구 창성동
11110106,서울특별시 종로구 통의동
11110107,서울특별시 종로구 적선동
11110108,서울특별시 종로구 통인동
11110109,서울특별시 종로구 누상동
11110110,서울특별시 종로구 누하동
11110111,서울특별시 종로구 옥인동
11110112,서울특별시 종로구 체부동
11110113,서울특별시 종로구 필운동
11110114,서울특별시 종로구 내자동
11110115,서울특별시 종로구 사직동
11110116,서울특별시 종로구 도렴동
11110117,서울특별시 종로구 당주동
11110118,서울특별시 종로구 내수동
11110119,서울특별시 종로구 세종로
11110120,서울특별시 종로구 신문로1가
11110121,서울특별시 종로구 신문로2가
11110122,서울특별시 종로구 청진동
11110123,서울특별시 종로구 서린동
11110124,서울특별시 종로구 수송동
11110125,서울특별시 종로구 중학동
11110126,서울특별시 종로구 종로1가
11110127,서울특별시 종로구 공평동
11110128,서울특별시 종로구 관훈동
11110129,서울특별시 종로구 견지동
11110130,서울특별시 종로구 와룡동
11110131,서울특별시 종로구 권농동
11110132,서울특별시 종로구 운니동
11110133,서울특별시 종로구 익선동
11110134,서울특별시 종로구 경운동
11110135,서울특별시 종로구 관철동
11110136,서울특별시 종로구 인사동
11110137,서울특별시 종로구 낙원동
11110138,서울특별시 종로구 종로2가
11110139,서울특별시 종로구 팔판동
11110140,서울특별시 종로구 삼청동
11110141,서울특별시 종로구 안국동
11110142,서울특별시 종로구 소격동
11110143,서울특별시 종로구 화동
11110144,서울특별시 종로구 사간동
11110145,서울특별시 종로구 송현동
11110146,서울특별시 종로구 가회동
11110147,서울특별시 종로구 재동
11110148,서울특별시 종로구 계동
11110149,서울특별시 종로구 원서동
11110150,서울특별시 종로구 훈정동
11110151,서울특별시 종로구 묘동
11110152,서울특별시 종로구 봉익동
11110153,서울특별시 종로구 돈의동
11110154,서울특별시 종로구 장사동
11110155,서울특별시 종로구 관수동
11110156,서울특별시 종로구 종로3가
11110157,서울특별시 종로구 인의동
11110158,서울특별시 종로구 예지동
11110159,서울특별시 종로구 원남동
11110160,서울특별시 종로구 연지동
11110161,서울특별시 종로구 종로4가
11110162,서울특별시 종로구 효제동
11110163,서울특별시 종로구 종로5가
11110164,서울특별시 종로구 종로6가
11110165,서울특별시 종로구 이화동
11110166,서울특별시 종로구 연건동
11110167,서울특별시 종로구 충신동
11110168,서울특별시 종로구 동숭동
11110169,서울특별시 종로구 혜화동
11110170,서울특별시 종로구 명륜1가
11110171,서울특별시 종로구 명륜2가
11110172,서울특별시 종로구 명륜4가
11110173,서울특별시 종로구 명륜3가
11110174,서울특별시 종로구 창신동
11110175,서울특별시 종로구 숭인동
11110176,서울특별시 종로구 교남동
11110177,서울특별시 종로구 평동
11110178,서울특별시 종로구 송월동
11110179,서울특별시 종로구 홍파동
11110180,서울특별시 종로구 교북동
11110181,서울특별시 종로구 행촌동
11110182,서울특별시 종로구 구기동
11110183,서울특별시 종로구 평창동
11110184,서울특별시 종로구 부암동
11110185,서울특별시 종로구 홍지동
11110186,서울특별시 종로구 신영동
11110187,서울특별시 종로구 무악동
11140101,서울특별시 중구 무교동
11140102,서울특별시 중구 다동
11140103,서울특별시 중구 태평로1가
11140104,서울특별시 중구 을지로1가
11140105,서울특별시 중구 을지로2가
11140106,서울특별시 중구 남대문로1가
11140107,서울특별시 중구 삼각동
11140108,서울특별시 중구 수하동
11140109,서울특별시 중구 장교동
11140110,서울특별시 중구 수표동
11140111,서울특별시 중구 소공동
11140112,서울특별시 중구 남창동
11140113,서울특별시 중구 북창동
11140114,서울특별시 중구 태평로2가
11140115,서울특별시 중구 남대문로2가
11140116,서울특별시 중구 남대문로3가
11140117,서울특별시 중구 남대문로4가
11140118,서울특별시 중구 남대문로5가
11140119,서울특별시 중구 봉래동1가
11140120,서울특별시 중구 봉래동2가
11140121,서울특별시 중구 회현동1가
11140122,서울특별시 중구 회현동2가
11140123,서울특별시 중구 회현동3가
11140124,서울특별시 중구 충무로1가
11140125,서울특별시 중구 충무로2가
11140126,서울특별시 중구 명동1가
11140127,서울특별시 중구 명동2가
11140128,서울특별시 중구 남산동1가
11140129,서울특별시 중구 남산동2가
11140130,서울특별시 중구 남산동3가
11140131,서울특별시 중구 저동1가
11140132,서울특별시 중구 충무로4가
11140133,서울특별시 중구 충무로5가
11140134,서울특별시 중구 인현동2가
11140135,서울특별시 중구 예관동
11140136,서울특별시 중구 묵정동
11140137,서울특별시 중구 필동1가
11140138,서울특별시 중구 필동2가
11140139,서울특별시 중구 필동3가
11140140,서울특별시 중구 남학동
11140141,서울특별시 중구 주자동
11140142,서울특별시 중구 예장동
11140143,서울특별시 중구 장충동1가
11140144,서울특별시 중구 장충동2가
11140145,서울특별시 중구 광희동1가
11140146,서울특별시 중구 광희동2가
11140147,서울특별시 중구 쌍림동
11140148,서울특별시 중구 을지로6가
11140149,서울특별시 중구 을지로7가
11140150,서울특별시 중구 을지로4가
11140151,서울특별시 중구 을지로5가
11140152,서울특별시 중구 주교동
11140153,서울특별시 중구 방산동
11140154,서울특별시 중구 오장동
11140155,서울특별시 중구 을지로3가
11140156,서울특별시 중구 입정동
11140157,서울특별시 중구 산림동
11140158,서울특별시 중구 충무로3가
11140159,서울특별시 중구 초동
11140160,서울특별시 중구 인현동1가
11140161,서울특별시 중구 저동2가
11140162,서울특별시 중구 신당동
11140163,서울특별시 중구 흥인동
11140164,서울특별시 중구 무학동
11140165,서울특별시 중구 황학동
11140166,서울특별시 중구 서소문동
11140167,서울특별시 중구 정동
11140168,서울특별시 중구 순화동
11140169,서울특별시 중구 의주로1가
11140170,서울특별시 중구 충정로1가
11140171,서울특별시 중구 중림동
11140172,서울특별시 중구 의주로2가
11140173,서울특별시 중구 만리동1가
11140174,서울특별시 중구 만리동2가
11170101,서울특별시 용산구 후암동
11170102,서울특별시 용산구 용산동2가
11170103,서울특별시 용산구 용산동4가
11170104,서울특별시 용산구 갈월동
11170105,서울특별시 용산구 남영동
11170106,서울특별시 용산구 용산동1가
11170107,서울특별시 용산구 동자동
11170108,서울특별시 용산구 서계동
11170109,서울특별시 용산구 청파동1가
11170110,서울특별시 용산구 청파동2가
11170111,서울특별시 용산구 청파동3가
11170112,서울특별시 용산구 원효로1가
11170113,서울특별시 용산구 원효로2가
11170114,서울특별시 용산구 신창동
11170115,서울특별시 용산구 산천동
11170116,서울특별시 용산구 청암동
11170117,서울특별시 용산구 원효로3가
11170118,서울특별시 용산구 원효로4가
11170119,서울특별시 용산구 효창동
11170120,서울특별시 용산구 도원동
11170121,서울특별시 용산구 용문동
11170122,서울특별시 용산구 문배동
11170123,서울특별시 용산구 신계동
11170124,서울특별시 용산구 한강로1가
11170125,서울특별시 용산구 한강로2가
11170126,서울특별시 용산구 용산동3가
11170127,서울특별시 용산구 용산동5가
11170128,서울특별시 용산구 한강로3가
11170129,서울특별시 용산구 이촌동
11170130,서울특별시 용산구 이태원동
11170131,서울특별시 용산구 한남동
11170132,서울특별시 용산구 동빙고동
11170133,서울특별시 용산구 서빙고동
11170134,서울특별시 용산구 주성동
11170135,서울특별시 용산구 용산동6가
11170136,서울특별시 용산구 보광동
11200101,서울특별시 성동구 상왕십리동
11200102,서울특별시 성동구 하왕십리동
11200103,서울특별시 성동구 홍익동
11200104,서울특별시 성동구 도선동
11200105,서울특별시 성동구 마장동
11200106,서울특별시 성동구 사근동
11200107,서울특별시 성동구 행당동
11200108,서울특별시 성동구 응봉동
11200109,서울특별시 성동구 금호동1가
11200110,서울특별시 성동구 금호동2가
11200111,서울특별시 성동구 금호동3가
11200112,서울특별시 성동구 금호동4가
11200113,서울특별시 성동구 옥수동
11200114,서울특별시 성동구 성수동1가
11200115,서울특별시 성동구 성수동2가
11200118,서울특별시 성동구 송정동
11200122,서울특별시 성동구 용답동
11215101,서울특별시 광진구 중곡동
11215102,서울특별시 광진구 능동
11215103,서울특별시 광진구 구의동
11215104,서울특별시 광진구 광장동
11215105,서울특별시 광진구 자양동
11215107,서울특별시 광진구 화양동
11215109,서울특별시 광진구 군자동
11230101,서울특별시 동대문구 신설동
11230102,서울특별시 동대문구 용두동
11230103,서울특별시 동대문구 제기동
11230104,서울특별시 동대문구 전농동
11230105,서울특별시 동대문구 답십리동
11230106,서울특별시 동대문구 장안동
11230107,서울특별시 동대문구 청량리동
11230108,서울특별시 동대문구 회기동
11230109,서울특별시 동대문구 휘경동
11230110,서울특별시 동대문구 이문동
11260101,서울특별시 중랑구 면목동
11260102,서울특별시 중랑구 상봉동
11260103,서울특별시 중랑구 중화동
11260104,서울특별시 중랑구 묵동
11260105,서울특별시 중랑구 망우동
11260106,서울특별시 중랑구 신내동
11290101,서울특별시 성북구 성북동
11290102,서울특별시 성북구 성북동1가
11290103,서울특별시 성북구 돈암동
11290104,서울특별시 성북구 동소문동1가
11290105,서울특별시 성북구 동소문동2가
11290106,서울특별시 성북구 동소문동3가
11290107,서울특별시 성북구 동소문동4가
11290108,서울특별시 성북구 동소문동5가
11290109,서울특별시 성북구 동소문동6가
11290110,서울특별시 성북구 동소문동7가
11290111,서울특별시 성북구 삼선동1가
11290112,서울특별시 성북구 삼선동2가
11290113,서울특별시 성북구 삼선동3가
11290114,서울특별시 성북구 삼선동4가
11290115,서울특별시 성북구 삼선동5가
11290116,서울특별시 성북구 동선동1가
11290117,서울특별시 성북구 동선동2가
11290118,서울특별시 성북구 동선동3가
11290119,서울특별시 성북구 동선동4가
11290120,서울특별시 성북구 동선동5가
11290121,서울특별시 성북구 안암동1가
11290122,서울특별시 성북구 안암동2가
11290123,서울특별시 성북구 안암동3가
11290124,서울특별시 성북구 안암동4가
11290125,서울특별시 성북구 안암동5가
11290126,서울특별시 성북구 보문동4가
11290127,서울특별시 성북구 보문동5가
11290128,서울특별시 성북구 보문동6가
11290129,서울특별시 성북구 보문동7가
11290130,서울특별시 성북구 보문동1가
11290131,서울특별시 성북구 보문동2가
11290132,서울특별시 성북구 보문동3가
11290133,서울특별시 성북구 정릉동
11290134,서울특별시 성북구 길음동
11290135,서울특별시 성북구 종암동
11290136,서울특별시 성북구 하월곡동
11290137,서울특별시 성북구 상월곡동
11290138,서울특별시 성북구 장위동
11290139,서울특별시 성북구 석관동
11305101,서울특별시 강북구 미아동
11305102,서울특별시 강북구 번동
11305103,서울특별시 강북구 수유동
11305104,서울특별시 강북구 우이동
11320105,서울특별시 도봉구 쌍문동
11320106,서울특별시 도봉구 방학동
11320107,서울특별시 도봉구 창동
11320108,서울특별시 도봉구 도봉동
11350102,서울특별시 노원구 월계동
11350103,서울특별시 노원구 공릉동
11350104,서울특별시 노원구 하계동
11350105,서울특별시 노원구 상계동
11350106,서울특별시 노원구 중계동
11380101,서울특별시 은평구 수색동
11380102,서울특별시 은평구 녹번동
11380103,서울특별시 은평구 불광동
11380104,서울특별시 은평구 갈현동
11380105,서울특별시 은평구 구산동
11380106,서울특별시 은평구 대조동
11380107,서울특별시 은평구 응암동
11380108,서울특별시 은평구 역촌동
11380109,서울특별시 은평구 신사동
11380110,서울특별시 은평구 증산동
11380114,서울특별시 은평구 진관동
11410101,서울특별시 서대문구 충정로2가
11410102,서울특별시 서대문구 충정로3가
11410103,서울특별시 서대문구 합동
11410104,서울특별시 서대문구 미근동
11410105,서울특별시 서대문구 냉천동
11410106,서울특별시 서대문구 천연동
11410107,서울특별시 서대문구 옥천동
11410108,서울특별시 서대문구 영천동
11410109,서울특별시 서대문구 현저동
11410110,서울특별시 서대문구 북아현동
11410111,서울특별시 서대문구 홍제동
11410112,서울특별시 서대문구 대현동
11410113,서울특별시 서대문구 대신동
11410114,서울특별시 서대문구 신촌동
11410115,서울특별시 서대문구 봉원동
11410116,서울특별시 서대문구 창천동
11410117,서울특별시 서대문구 연희동
11410118,서울특별시 서대문구 홍은동
11410119,서울특별시 서대문구 북가좌동
11410120,서울특별시 서대문구 남가좌동
11440101,서울특별시 마포구 아현동
11440102,서울특별시 마포구 공덕동
11440103,서울특별시 마포구 신공덕동
11440104,서울특별시 마포구 도화동
11440105,서울특별시 마포구 용강동
11440106,서울특별시 마포구 토정동
11440107,서울특별시 마포구 마포동
11440108,서울특별시 마포구 대흥동
11440109,서울특별시 마포구 염리동
11440110,서울특별시 마포구 노고산동
11440111,서울특별시 마포구 신수동
11440112,서울특별시 마포구 현석동
11440113,서울특별시 마포구 구수동
11440114,서울특별시 마포구 창전동
11440115,서울특별시 마포구 상수동
11440116,서울특별시 마포구 하중동
11440117,서울특별시 마포구 신정동
11440118,서울특별시 마포구 당인동
11440120,서울특별시 마포구 서교동
11440121,서울특별시 마포구 동교동
11440122,서울특별시 마포구 합정동
11440123,서울특별시 마포구 망원동
11440124,서울특별시 마포구 연남동
11440125,서울특별시 마포구 성산동
11440126,서울특별시 마포구 중동
11440127,서울특별시 마포구 상암동
11470101,서울특별시 양천구 신정동
11470102,서울특별시 양천구 목동
11470103,서울특별시 양천구 신월동
11500101,서울특별시 강서구 염창동
11500102,서울특별시 강서구 등촌동
11500103,서울특별시 강서구 화곡동
11500104,서울특별시 강서구 가양동
11500105,서울특별시 강서구 마곡동
11500106,서울특별시 강서구 내발산동
11500107,서울특별시 강서구 외발산동
11500108,서울특별시 강서구 공항동
11500109,서울특별시 강서구 방화동
11500110,서울특별시 강서구 개화동
11500111,서울특별시 강서구 과해동
11500112,서울특별시 강서구 오곡동
11500113,서울특별시 강서구 오쇠동
11530101,서울특별시 구로구 신도림동
11530102,서울특별시 구로구 구로동
11530103,서울특별시 구로구 가리봉동
11530106,서울특별시 구로구 고척동
11530107,서울특별시 구로구 개봉동
11530108,서울특별시 구로구 오류동
11530109,서울특별시 구로구 궁동
11530110,서울특별시 구로구 온수동
11530111,서울특별시 구로구 천왕동
11530112,서울특별시 구로구 항동
11545101,서울특별시 금천구 가산동
11545102,서울특별시 금천구 독산동
11545103,서울특별시 금천구 시흥동
11560101,서울특별시 영등포구 영등포동
11560102,서울특별시 영등포구 영등포동1가
11560103,서울특별시 영등포구 영등포동2가
11560104,서울특별시 영등포구 영등포동3가
11560105,서울특별시 영등포구 영등포동4가
11560106,서울특별시 영등포구 영등포동5가
11560107,서울특별시 영등포구 영등포동6가
11560108,서울특별시 영등포구 영등포동7가
11560109,서울특별시 영등포구 영등포동8가
11560110,서울특별시 영등포구 여의도동
11560111,서울특별시 영등포구 당산동1가
11560112,서울특별시 영등포구 당산동2가
11560113,서울특별시 영등포구 당산동3가
11560114,서울특별시 영등포구 당산동4가
11560115,서울특별시 영등포구 당산동5가
11560116,서울특별시 영등포구 당산동6가
11560117,서울특별시 영등포구 당산동
11560118,서울특별시 영등포구 도림동
11560119,서울특별시 영등포구 문래동1가
11560120,서울특별시 영등포구 문래동2가
11560121,서울특별시 영등포구 문래동3가
11560122,서울특별시 영등포구 문래동4가
11560123,서울특별시 영등포구 문래동5가
11560124,서울특별시 영등포구 문래동6가
11560125,서울특별시 영등포구 양평동1가
11560126,서울특별시 영등포구 양평동2가
11560127,서울특별시 영등포구 양평동3가
11560128,서울특별시 영등포구 양평동4가
11560129,서울특별시 영등포구 양평동5가
11560130,서울특별시 영등포구 양평동6가
11560131,서울특별시 영등포구 양화동
11560132,서울특별시 영등포구 신길동
11560133,서울특별시 영등포구 대림동
11560134,서울특별시 영등포구 양평동
11590101,서울특별시 동작구 노량진동
11590102,서울특별시 동작구 상도동
11590103,서울특별시 동작구 상도1동
11590104,서울특별시 동작구 본동
11590105,서울특별시 동작구 흑석동
11590106,서울특별시 동작구 동작동
11590107,서울특별시 동작구 사당동
11590108,서울특별시 동작구 대방동
11590109,서울특별시 동작구 신대방동
11620101,서울특별시 관악구 봉천동
11620102,서울특별시 관악구 신림동
11620103,서울특별시 관악구 남현동
11650101,서울특별시 서초구 방배동
11650102,서울특별시 서초구 양재동
11650103,서울특별시 서초구 우면동
11650104,서울특별시 서초구 원지동
11650106,서울특별시 서초구 잠원동
11650107,서울특별시 서초구 반포동
11650108,서울특별시 서초구 서초동
11650109,서울특별시 서초구 내곡동
11650110,서울특별시 서초구 염곡동
11650111,서울특별시 서초구 신원동
11680101,서울특별시 강남구 역삼동
11680103,서울특별시 강남구 개포동
11680104,서울특별시 강남구 청담동
11680105,서울특별시 강남구 삼성동
11680106,서울특별시 강남구 대치동
11680107,서울특별시 강남구 신사동
11680108,서울특별시 강남구 논현동
11680110,서울특별시 강남구 압구정동
11680111,서울특별시 강남구 세곡동
11680112,서울특별시 강남구 자곡동
11680113,서울특별시 강남구 율현동
11680114,서울특별시 강남구 일원동
11680115,서울특별시 강남구 수서동
11680118,서울특별시 강남구 도곡동
11710101,서울특별시 송파구 잠실동
11710102,서울특별시 송파구 신천동
11710103,서울특별시 송파구 풍납동
11710104,서울특별시 송파구 송파동
11710105,서울특별시 송파구 석촌동
11710106,서울특별시 송파구 삼전동
11710107,서울특별시 송파구 가락동
11710108,서울특별시 송파구 문정동
11710109,서울특별시 송파구 장지동
11710111,서울특별시 송파구 방이동
11710112,서울특별시 송파구 오금동
11710113,서울특별시 송파구 거여동
11710114,서울특별시 송파구 마천동
11740101,서울특별시 강동구 명일동
11740102,서울특별시 강동구 고덕동
11740103,서울특별시 강동구 상일동
11740105,서울특별시 강동구 길동
11740106,서울특별시 강동구 둔촌동
11740107,서울특별시 강동구 암사동
11740108,서울특별시 강동구 성내동
11740109,서울특별시 강동구 천호동
11740110,서울특별시 강동구 강일동
26110101,부산광역시 중구 영주동
26110102,부산광역시 중구 대창동1가
26110103,부산광역시 중구 대창동2가
26110104,부산광역시 중구 중앙동1가
26110105,부산광역시 중구 중앙동2가
26110106,부산광역시 중구 중앙동3가
26110107,부산광역시 중구 중앙동4가
26110108,부산광역시 중구 중앙동5가
26110109,부산광역시 중구 중앙동6가
26110110,부산광역시 중구 중앙동7가
26110111,부산광역시 중구 동광동1가
26110112,부산광역시 중구 동광동2가
26110113,부산광역시 중구 동광동3가
26110114,부산광역시 중구 동광동4가
26110115,부산광역시 중구 동광동5가
26110116,부산광역시 중구 대청동1가
26110117,부산광역시 중구 대청동2가
26110118,부산광역시 중구 대청동3가
26110119,부산광역시 중구 대청동4가
26110120,부산광역시 중구 보수동1가
26110121,부산광역시 중구 보수동2가
26110122,부산광역시 중구 보수동3가
26110123,부산광역시 중구 부평동1가
26110124,부산광역시 중구 부평동2가
26110125,부산광역시 중구 부평동3가
26110126,부산광역시 중구 부평동4가
26110127,부산광역시 중구 신창동1가
26110128,부산광역시 중구 신창동2가
26110129,부산광역시 중구 신창동3가
26110130,부산광역시 중구 신창동4가
26110131,부산광역시 중구 창선동1가
26110132,부산광역시 중구 창선동2가
26110133,부산광역시 중구 광복동1가
26110134,부산광역시 중구 광복동2가
26110135,부산광역시 중구 광복동3가
26110136,부산광역시 중구 남포동1가
26110137,부산광역시 중구 남포동2가
26110138,부산광역시 중구 남포동3가
26110139,부산광역시 중구 남포동4가
26110140,부산광역시 중구 남포동5가
26110141,부산광역시 중구 남포동6가
26140101,부산광역시 서구 동대신동1가
26140102,부산광역시 서구 동대신동2가
26140103,부산광역시 서구 동대신동3가
26140104,부산광역시 서구 서대신동1가
26140105,부산광역시 서구 서대신동2가
26140106,부산광역시 서구 서대신동3가
26140107,부산광역시 서구 부용동1가
26140108,부산광역시 서구 부용동2가
26140109,부산광역시 서구 부민동1가
26140110,부산광역시 서구 부민동2가
26140111,부산광역시 서구 부민동3가
26140112,부산광역시 서구 토성동1가
26140113,부산광역시 서구 토성동2가
26140114,부산광역시 서구 토성동3가
26140115,부산광역시 서구 아미동1가
26140116,부산광역시 서구 아미동2가
26140117,부산광역시 서구 토성동4가
26140118,부산광역시 서구 토성동5가
26140119,부산광역시 서구 초장동
26140120,부산광역시 서구 충무동1가
26140121,부산광역시 서구 충무동2가
26140122,부산광역시 서구 충무동3가
26140123,부산광역시 서구 남부민동
26140124,부산광역시 서구 암남동
26170101,부산광역시 동구 초량동
26170102,부산광역시 동구 수정동
26170103,부산광역시 동구 좌천동
26170104,부산광역시 동구 범일동
26200101,부산광역시 영도구 대교동1가
26200102,부산광역시 영도구 대교동2가
26200103,부산광역시 영도구 대평동1가
26200104,부산광역시 영도구 대평동2가
26200105,부산광역시 영도구 남항동1가
26200106,부산광역시 영도구 남항동2가
26200107,부산광역시 영도구 남항동3가
26200108,부산광역시 영도구 영선동1가
26200109,부산광역시 영도구 영선동2가
26200110,부산광역시 영도구 영선동3가
26200111,부산광역시 영도구 영선동4가
26200112,부산광역시 영도구 신선동1가
26200113,부산광역시 영도구 신선동2가
26200114,부산광역시 영도구 신선동3가
26200115,부산광역시 영도구 봉래동1가
26200116,부산광역시 영도구 봉래동2가
26200117,부산광역시 영도구 봉래동3가
26200118,부산광역시 영도구 봉래동4가
26200119,부산광역시 영도구 봉래동5가
26200120,부산광역시 영도구 청학동
26200121,부산광역시 영도구 동삼동
26230101,부산광역시 부산진구 양정동
26230102,부산광역시 부산진구 전포동
26230103,부산광역시 부산진구 부전동
26230104,부산광역시 부산진구 범천동
26230105,부산광역시 부산진구 범전동
26230106,부산광역시 부산진구 연지동
26230107,부산광역시 부산진구 초읍동
26230108,부산광역시 부산진구 부암동
26230109,부산광역시 부산진구 당감동
26230110,부산광역시 부산진구 가야동
26230111,부산광역시 부산진구 개금동
26260101,부산광역시 동래구 명장동
26260102,부산광역시 동래구 안락동
26260103,부산광역시 동래구 칠산동
26260104,부산광역시 동래구 낙민동
26260105,부산광역시 동래구 복천동
26260106,부산광역시 동래구 수안동
26260107,부산광역시 동래구 명륜동
26260108,부산광역시 동래구 온천동
26260109,부산광역시 동래구 사직동
26290106,부산광역시 남구 대연동
26290107,부산광역시 남구 용호동
26290108,부산광역시 남구 용당동
26290109,부산광역시 남구 문현동
26290110,부산광역시 남구 우암동
26290111,부산광역시 남구 감만동
26320101,부산광역시 북구 금곡동
26320102,부산광역시 북구 화명동
26320103,부산광역시 북구 만덕동
26320104,부산광역시 북구 덕천동
26320105,부산광역시 북구 구포동
26350101,부산광역시 해운대구 반송동
26350102,부산광역시 해운대구 석대동
26350103,부산광역시 해운대구 반여동
26350104,부산광역시 해운대구 재송동
26350105,부산광역시 해운대구 우동
26350106,부산광역시 해운대구 중동
26350107,부산광역시 해운대구 좌동
26350108,부산광역시 해운대구 송정동
26380101,부산광역시 사하구 괴정동
26380102,부산광역시 사하구 당리동
26380103,부산광역시 사하구 하단동
26380104,부산광역시 사하구 신평동
26380105,부산광역시 사하구 장림동
26380106,부산광역시 사하구 다대동
26380107,부산광역시 사하구 구평동
26380108,부산광역시 사하구 감천동
26410101,부산광역시 금정구 두구동
26410102,부산광역시 금정구 노포동
26410103,부산광역시 금정구 청룡동
26410104,부산광역시 금정구 남산동
26410105,부산광역시 금정구 선동
26410106,부산광역시 금정구 오륜동
26410107,부산광역시 금정구 구서동
26410108,부산광역시 금정구 장전동
26410109,부산광역시 금정구 부곡동
26410110,부산광역시 금정구 서동
26410111,부산광역시 금정구 금사동
26410112,부산광역시 금정구 회동동
26410113,부산광역시 금정구 금성동
26440101,부산광역시 강서구 대저1동
26440102,부산광역시 강서구 대저2동
26440103,부산광역시 강서구 강동동
26440104,부산광역시 강서구 명지동
26440105,부산광역시 강서구 죽림동
26440106,부산광역시 강서구 식만동
26440107,부산광역시 강서구 죽동동
26440108,부산광역시 강서구 봉림동
26440109,부산광역시 강서구 송정동
26440110,부산광역시 강서구 화전동
26440111,부산광역시 강서구 녹산동
26440112,부산광역시 강서구 생곡동
26440113,부산광역시 강서구 구랑동
26440114,부산광역시 강서구 지사동
26440115,부산광역시 강서구 미음동
26440116,부산광역시 강서구 범방동
26440117,부산광역시 강서구 신호동
26440118,부산광역시 강서구 동선동
26440119,부산광역시 강서구 성북동
26440120,부산광역시 강서구 눌차동
26440121,부산광역시 강서구 천성동
26440122,부산광역시 강서구 대항동
26470101,부산광역시 연제구 거제동
26470102,부산광역시 연제구 연산동
26500101,부산광역시 수영구 망미동
26500102,부산광역시 수영구 수영동
26500103,부산광역시 수영구 민락동
26500104,부산광역시 수영구 광안동
26500105,부산광역시 수영구 남천동
26530101,부산광역시 사상구 삼락동
26530102,부산광역시 사상구 모라동
26530103,부산광역시 사상구 덕포동
26530104,부산광역시 사상구 괘법동
26530105,부산광역시 사상구 감전동
26530106,부산광역시 사상구 주례동
26530107,부산광역시 사상구 학장동
26530108,부산광역시 사상구 엄궁동
26710250,부산광역시 기장군 기장읍
26710253,부산광역시 기장군 장안읍
26710256,부산광역시 기장군 정관읍
26710310,부산광역시 기장군 일광면
26710330,부산광역시 기장군 철마면
27110101,대구광역시 중구 동인동1가
27110102,대구광역시 중구 동인동2가
27110103,대구광역시 중구 동인동3가
27110104,대구광역시 중구 동인동4가
27110105,대구광역시 중구 삼덕동1가
27110106,대구광역시 중구 삼덕동2가
27110107,대구광역시 중구 삼덕동3가
27110108,대구광역시 중구 봉산동
27110109,대구광역시 중구 장관동
27110110,대구광역시 중구 상서동
27110111,대구광역시 중구 수동
27110112,대구광역시 중구 덕산동
27110113,대구광역시 중구 종로1가
27110114,대구광역시 중구 종로2가
27110115,대구광역시 중구 사일동
27110116,대구광역시 중구 동일동
27110117,대구광역시 중구 남일동
27110118,대구광역시 중구 전동
27110119,대구광역시 중구 동성로3가
27110120,대구광역시 중구 동문동
27110121,대구광역시 중구 문화동
27110122,대구광역시 중구 공평동
27110123,대구광역시 중구 동성로2가
27110124,대구광역시 중구 태평로1가
27110125,대구광역시 중구 교동
27110126,대구광역시 중구 용덕동
27110127,대구광역시 중구 상덕동
27110128,대구광역시 중구 완전동
27110129,대구광역시 중구 도원동
27110130,대구광역시 중구 수창동
27110131,대구광역시 중구 태평로3가
27110132,대구광역시 중구 인교동
27110133,대구광역시 중구 서야동
27110134,대구광역시 중구 서성로1가
27110135,대구광역시 중구 시장북로
27110136,대구광역시 중구 하서동
27110137,대구광역시 중구 남성로
27110138,대구광역시 중구 계산동1가
27110139,대구광역시 중구 계산동2가
27110140,대구광역시 중구 동산동
27110141,대구광역시 중구 서문로2가
27110142,대구광역시 중구 서성로2가
27110143,대구광역시 중구 포정동
27110144,대구광역시 중구 서문로1가
27110145,대구광역시 중구 서내동
27110146,대구광역시 중구 북성로2가
27110147,대구광역시 중구 대안동
27110148,대구광역시 중구 동성로1가
27110149,대구광역시 중구 태평로2가
27110150,대구광역시 중구 북성로1가
27110151,대구광역시 중구 화전동
27110152,대구광역시 중구 향촌동
27110153,대구광역시 중구 북내동
27110154,대구광역시 중구 대신동
27110155,대구광역시 중구 달성동
27110156,대구광역시 중구 남산동
27110157,대구광역시 중구 대봉동
27140101,대구광역시 동구 신암동
27140102,대구광역시 동구 신천동
27140103,대구광역시 동구 효목동
27140104,대구광역시 동구 평광동
27140105,대구광역시 동구 봉무동
27140106,대구광역시 동구 불로동
27140107,대구광역시 동구 도동
27140108,대구광역시 동구 지저동
27140109,대구광역시 동구 입석동
27140110,대구광역시 동구 검사동
27140111,대구광역시 동구 방촌동
27140112,대구광역시 동구 둔산동
27140113,대구광역시 동구 부동
27140114,대구광역시 동구 신평동
27140115,대구광역시 동구 서호동
27140116,대구광역시 동구 동호동
27140117,대구광역시 동구 신기동
27140118,대구광역시 동구 율하동
27140119,대구광역시 동구 용계동
27140120,대구광역시 동구 율암동
27140121,대구광역시 동구 상매동
27140122,대구광역시 동구 매여동
27140123,대구광역시 동구 각산동
27140124,대구광역시 동구 신서동
27140125,대구광역시 동구 동내동
27140126,대구광역시 동구 괴전동
27140127,대구광역시 동구 금강동
27140128,대구광역시 동구 대림동
27140129,대구광역시 동구 사복동
27140130,대구광역시 동구 숙천동
27140131,대구광역시 동구 내곡동
27140132,대구광역시 동구 능성동
27140133,대구광역시 동구 진인동
27140134,대구광역시 동구 도학동
27140135,대구광역시 동구 백안동
27140136,대구광역시 동구 미곡동
27140137,대구광역시 동구 용수동
27140138,대구광역시 동구 신무동
27140139,대구광역시 동구 미대동
27140140,대구광역시 동구 내동
27140141,대구광역시 동구 신용동
27140142,대구광역시 동구 중대동
27140143,대구광역시 동구 송정동
27140144,대구광역시 동구 덕곡동
27140145,대구광역시 동구 지묘동
27170101,대구광역시 서구 내당동
27170102,대구광역시 서구 비산동
27170103,대구광역시 서구 평리동
27170104,대구광역시 서구 상리동
27170105,대구광역시 서구 중리동
27170106,대구광역시 서구 이현동
27170107,대구광역시 서구 원대동1가
27170108,대구광역시 서구 원대동2가
27170109,대구광역시 서구 원대동3가
27200101,대구광역시 남구 이천동
27200102,대구광역시 남구 봉덕동
27200103,대구광역시 남구 대명동
27230101,대구광역시 북구 칠성동1가
27230102,대구광역시 북구 칠성동2가
27230103,대구광역시 북구 고성동1가
27230104,대구광역시 북구 고성동2가
27230105,대구광역시 북구 고성동3가
27230106,대구광역시 북구 침산동
27230107,대구광역시 북구 노원동1가
27230108,대구광역시 북구 노원동2가
27230109,대구광역시 북구 노원동3가
27230110,대구광역시 북구 대현동
27230111,대구광역시 북구 산격동
27230112,대구광역시 북구 복현동
27230113,대구광역시 북구 검단동
27230114,대구광역시 북구 동변동
27230115,대구광역시 북구 서변동
27230116,대구광역시 북구 조야동
27230117,대구광역시 북구 노곡동
27230118,대구광역시 북구 읍내동
27230119,대구광역시 북구 동호동
27230120,대구광역시 북구 학정동
27230121,대구광역시 북구 도남동
27230122,대구광역시 북구 국우동
27230123,대구광역시 북구 구암동
27230124,대구광역시 북구 동천동
27230125,대구광역시 북구 관음동
27230126,대구광역시 북구 태전동
27230127,대구광역시 북구 매천동
27230128,대구광역시 북구 팔달동
27230129,대구광역시 북구 금호동
27230130,대구광역시 북구 사수동
27230131,대구광역시 북구 연경동
27260101,대구광역시 수성구 범어동
27260102,대구광역시 수성구 만촌동
27260103,대구광역시 수성구 수성동1가
27260104,대구광역시 수성구 수성동2가
27260105,대구광역시 수성구 수성동3가
27260106,대구광역시 수성구 수성동4가
27260107,대구광역시 수성구 황금동
27260108,대구광역시 수성구 중동
27260109,대구광역시 수성구 상동
27260110,대구광역시 수성구 파동
27260111,대구광역시 수성구 두산동
27260112,대구광역시 수성구 지산동
27260113,대구광역시 수성구 범물동
27260114,대구광역시 수성구 시지동
27260115,대구광역시 수성구 매호동
27260116,대구광역시 수성구 성동
27260117,대구광역시 수성구 사월동
27260118,대구광역시 수성구 신매동
27260119,대구광역시 수성구 욱수동
27260120,대구광역시 수성구 노변동
27260122,대구광역시 수성구 삼덕동
27260123,대구광역시 수성구 연호동
27260124,대구광역시 수성구 이천동
27260125,대구광역시 수성구 고모동
27260126,대구광역시 수성구 가천동
27260127,대구광역시 수성구 대흥동
27290101,대구광역시 달서구 성당동
27290102,대구광역시 달서구 두류동
27290104,대구광역시 달서구 파호동
27290105,대구광역시 달서구 호림동
27290106,대구광역시 달서구 갈산동
27290107,대구광역시 달서구 신당동
27290108,대구광역시 달서구 이곡동
27290109,대구광역시 달서구 장동
27290110,대구광역시 달서구 장기동
27290111,대구광역시 달서구 용산동
27290112,대구광역시 달서구 죽전동
27290113,대구광역시 달서구 감삼동
27290114,대구광역시 달서구 본리동
27290115,대구광역시 달서구 상인동
27290116,대구광역시 달서구 도원동
27290117,대구광역시 달서구 진천동
27290118,대구광역시 달서구 유천동
27290119,대구광역시 달서구 대천동
27290120,대구광역시 달서구 월성동
27290121,대구광역시 달서구 월암동
27290122,대구광역시 달서구 송현동
27290123,대구광역시 달서구 대곡동
27290124,대구광역시 달서구 본동
27290125,대구광역시 달서구 호산동
27710250,대구광역시 달성군 화원읍
27710253,대구광역시 달성군 논공읍
27710256,대구광역시 달성군 다사읍
27710259,대구광역시 달성군 유가읍
27710310,대구광역시 달성군 가창면
27710330,대구광역시 달성군 하빈면
27710340,대구광역시 달성군 옥포면
27710360,대구광역시 달성군 현풍면
27710380,대구광역시 달성군 구지면
28110101,인천광역시 중구 중앙동1가
28110102,인천광역시 중구 중앙동2가
28110103,인천광역시 중구 중앙동3가
28110104,인천광역시 중구 중앙동4가
28110105,인천광역시 중구 해안동1가
28110106,인천광역시 중구 해안동2가
28110107,인천광역시 중구 해안동3가
28110108,인천광역시 중구 해안동4가
28110109,인천광역시 중구 관동1가
28110110,인천광역시 중구 관동2가
28110111,인천광역시 중구 관동3가
28110112,인천광역시 중구 항동1가
28110113,인천광역시 중구 항동2가
28110114,인천광역시 중구 항동3가
28110115,인천광역시 중구 항동4가
28110116,인천광역시 중구 항동5가
28110117,인천광역시 중구 항동6가
28110118,인천광역시 중구 항동7가
28110119,인천광역시 중구 송학동1가
28110120,인천광역시 중구 송학동2가
28110121,인천광역시 중구 송학동3가
28110122,인천광역시 중구 사동
28110123,인천광역시 중구 신생동
28110124,인천광역시 중구 신포동
28110125,인천광역시 중구 답동
28110126,인천광역시 중구 신흥동1가
28110127,인천광역시 중구 신흥동2가
28110128,인천광역시 중구 신흥동3가
28110129,인천광역시 중구 선화동
28110130,인천광역시 중구 유동
28110131,인천광역시 중구 율목동
28110132,인천광역시 중구 도원동
28110133,인천광역시 중구 내동
28110134,인천광역시 중구 경동
28110135,인천광역시 중구 용동
28110136,인천광역시 중구 인현동
28110137,인천광역시 중구 전동
28110138,인천광역시 중구 북성동1가
28110139,인천광역시 중구 북성동2가
28110140,인천광역시 중구 북성동3가
28110141,인천광역시 중구 선린동
28110142,인천광역시 중구 송월동1가
28110143,인천광역시 중구 송월동2가
28110144,인천광역시 중구 송월동3가
28110145,인천광역시 중구 중산동
28110146,인천광역시 중구 운남동
28110147,인천광역시 중구 운서동
28110148,인천광역시 중구 운북동
28110149,인천광역시 중구 을왕동
28110150,인천광역시 중구 남북동
28110151,인천광역시 중구 덕교동
28110152,인천광역시 중구 무의동
28140101,인천광역시 동구 만석동
28140102,인천광역시 동구 화수동
28140103,인천광역시 동구 송현동
28140104,인천광역시 동구 화평동
28140105,인천광역시 동구 창영동
28140106,인천광역시 동구 금곡동
28140107,인천광역시 동구 송림동
28170101,인천광역시 남구 숭의동
28170102,인천광역시 남구 용현동
28170103,인천광역시 남구 학익동
28170105,인천광역시 남구 도화동
28170106,인천광역시 남구 주안동
28170108,인천광역시 남구 관교동
28170109,인천광역시 남구 문학동
28185101,인천광역시 연수구 옥련동
28185102,인천광역시 연수구 선학동
28185103,인천광역시 연수구 연수동
28185104,인천광역시 연수구 청학동
28185105,인천광역시 연수구 동춘동
28185106,인천광역시 연수구 송도동
28200101,인천광역시 남동구 구월동
28200102,인천광역시 남동구 간석동
28200103,인천광역시 남동구 만수동
28200104,인천광역시 남동구 장수동
28200105,인천광역시 남동구 서창동
28200106,인천광역시 남동구 운연동
28200107,인천광역시 남동구 남촌동
28200108,인천광역시 남동구 수산동
28200109,인천광역시 남동구 도림동
28200110,인천광역시 남동구 논현동
28200111,인천광역시 남동구 고잔동
28237101,인천광역시 부평구 부평동
28237102,인천광역시 부평구 십정동
28237103,인천광역시 부평구 산곡동
28237104,인천광역시 부평구 청천동
28237105,인천광역시 부평구 삼산동
28237106,인천광역시 부평구 갈산동
28237107,인천광역시 부평구 부개동
28237108,인천광역시 부평구 일신동
28237109,인천광역시 부평구 구산동
28245101,인천광역시 계양구 효성동
28245102,인천광역시 계양구 계산동
28245103,인천광역시 계양구 작전동
28245104,인천광역시 계양구 서운동
28245105,인천광역시 계양구 임학동
28245106,인천광역시 계양구 용종동
28245107,인천광역시 계양구 병방동
28245108,인천광역시 계양구 방축동
28245109,인천광역시 계양구 박촌동
28245110,인천광역시 계양구 동양동
28245111,인천광역시 계양구 귤현동
28245112,인천광역시 계양구 상야동
28245113,인천광역시 계양구 하야동
28245114,인천광역시 계양구 평동
28245115,인천광역시 계양구 노오지동
28245116,인천광역시 계양구 선주지동
28245117,인천광역시 계양구 이화동
28245118,인천광역시 계양구 오류동
28245119,인천광역시 계양구 갈현동
28245120,인천광역시 계양구 둑실동
28245121,인천광역시 계양구 목상동
28245122,인천광역시 계양구 다남동
28245123,인천광역시 계양구 장기동
28260101,인천광역시 서구 백석동
28260102,인천광역시 서구 시천동
28260103,인천광역시 서구 검암동
28260104,인천광역시 서구 경서동
28260105,인천광역시 서구 공촌동
28260106,인천광역시 서구 연희동
28260107,인천광역시 서구 심곡동
28260108,인천광역시 서구 가정동
28260109,인천광역시 서구 신현동
28260110,인천광역시 서구 석남동
28260111,인천광역시 서구 원창동
28260112,인천광역시 서구 가좌동
28260113,인천광역시 서구 마전동
28260114,인천광역시 서구 당하동
28260115,인천광역시 서구 원당동
28260117,인천광역시 서구 대곡동
28260118,인천광역시 서구 금곡동
28260119,인천광역시 서구 오류동
28260120,인천광역시 서구 왕길동
28260121,인천광역시 서구 불로동
28710250,인천광역시 강화군 강화읍
28710310,인천광역시 강화군 선원면
28710320,인천광역시 강화군 불은면
28710330,인천광역시 강화군 길상면
28710340,인천광역시 강화군 화도면
28710350,인천광역시 강화군 양도면
28710360,인천광역시 강화군 내가면
28710370,인천광역시 강화군 하점면
28710380,인천광역시 강화군 양사면
28710390,인천광역시 강화군 송해면
28710400,인천광역시 강화군 교동면
28710410,인천광역시 강화군 삼산면
28710420,인천광역시 강화군 서도면
28720310,인천광역시 옹진군 북도면
28720330,인천광역시 옹진군 백령면
28720340,인천광역시 옹진군 대청면
28720350,인천광역시 옹진군 덕적면
28720360,인천광역시 옹진군 영흥면
28720370,인천광역시 옹진군 자월면
28720380,인천광역시 옹진군 연평면
29110101,광주광역시 동구 대인동
29110102,광주광역시 동구 금남로5가
29110103,광주광역시 동구 충장로5가
29110104,광주광역시 동구 수기동
29110105,광주광역시 동구 대의동
29110106,광주광역시 동구 궁동
29110107,광주광역시 동구 장동
29110108,광주광역시 동구 동명동
29110109,광주광역시 동구 계림동
29110110,광주광역시 동구 산수동
29110111,광주광역시 동구 지산동
29110112,광주광역시 동구 남동
29110113,광주광역시 동구 광산동
29110114,광주광역시 동구 금동
29110115,광주광역시 동구 호남동
29110116,광주광역시 동구 불로동
29110117,광주광역시 동구 황금동
29110118,광주광역시 동구 서석동
29110119,광주광역시 동구 소태동
29110120,광주광역시 동구 용연동
29110121,광주광역시 동구 운림동
29110122,광주광역시 동구 학동
29110123,광주광역시 동구 월남동
29110124,광주광역시 동구 선교동
29110125,광주광역시 동구 내남동
29110126,광주광역시 동구 용산동
29110127,광주광역시 동구 충장로1가
29110128,광주광역시 동구 충장로2가
29110129,광주광역시 동구 충장로3가
29110130,광주광역시 동구 충장로4가
29110131,광주광역시 동구 금남로1가
29110132,광주광역시 동구 금남로2가
29110133,광주광역시 동구 금남로3가
29110134,광주광역시 동구 금남로4가
29140104,광주광역시 서구 양동
29140106,광주광역시 서구 농성동
29140115,광주광역시 서구 광천동
29140116,광주광역시 서구 유촌동
29140117,광주광역시 서구 덕흥동
29140118,광주광역시 서구 쌍촌동
29140119,광주광역시 서구 화정동
29140120,광주광역시 서구 치평동
29140121,광주광역시 서구 내방동
29140125,광주광역시 서구 서창동
29140126,광주광역시 서구 세하동
29140127,광주광역시 서구 용두동
29140128,광주광역시 서구 풍암동
29140129,광주광역시 서구 벽진동
29140130,광주광역시 서구 금호동
29140131,광주광역시 서구 마륵동
29140132,광주광역시 서구 매월동
29140133,광주광역시 서구 동천동
29155101,광주광역시 남구 사동
29155102,광주광역시 남구 구동
29155103,광주광역시 남구 서동
29155104,광주광역시 남구 월산동
29155105,광주광역시 남구 백운동
29155106,광주광역시 남구 주월동
29155107,광주광역시 남구 노대동
29155108,광주광역시 남구 진월동
29155109,광주광역시 남구 덕남동
29155110,광주광역시 남구 행암동
29155111,광주광역시 남구 임암동
29155112,광주광역시 남구 송하동
29155113,광주광역시 남구 양림동
29155114,광주광역시 남구 방림동
29155115,광주광역시 남구 봉선동
29155116,광주광역시 남구 구소동
29155117,광주광역시 남구 양촌동
29155118,광주광역시 남구 도금동
29155119,광주광역시 남구 승촌동
29155120,광주광역시 남구 지석동
29155121,광주광역시 남구 압촌동
29155122,광주광역시 남구 화장동
29155123,광주광역시 남구 칠석동
29155124,광주광역시 남구 석정동
29155125,광주광역시 남구 신장동
29155126,광주광역시 남구 양과동
29155127,광주광역시 남구 이장동
29155128,광주광역시 남구 대지동
29155129,광주광역시 남구 원산동
29155130,광주광역시 남구 월성동
29170101,광주광역시 북구 중흥동
29170102,광주광역시 북구 유동
29170103,광주광역시 북구 누문동
29170104,광주광역시 북구 북동
29170105,광주광역시 북구 임동
29170106,광주광역시 북구 신안동
29170107,광주광역시 북구 용봉동
29170108,광주광역시 북구 동림동
29170109,광주광역시 북구 운암동
29170110,광주광역시 북구 우산동
29170111,광주광역시 북구 풍향동
29170112,광주광역시 북구 문흥동
29170113,광주광역시 북구 각화동
29170114,광주광역시 북구 두암동
29170115,광주광역시 북구 오치동
29170116,광주광역시 북구 삼각동
29170117,광주광역시 북구 매곡동
29170118,광주광역시 북구 충효동
29170119,광주광역시 북구 덕의동
29170120,광주광역시 북구 금곡동
29170121,광주광역시 북구 망월동
29170122,광주광역시 북구 청풍동
29170123,광주광역시 북구 화암동
29170124,광주광역시 북구 장등동
29170125,광주광역시 북구 운정동
29170126,광주광역시 북구 본촌동
29170127,광주광역시 북구 일곡동
29170128,광주광역시 북구 양산동
29170129,광주광역시 북구 연제동
29170130,광주광역시 북구 신용동
29170131,광주광역시 북구 용두동
29170132,광주광역시 북구 지야동
29170133,광주광역시 북구 태령동
29170134,광주광역시 북구 수곡동
29170135,광주광역시 북구 효령동
29170136,광주광역시 북구 용전동
29170137,광주광역시 북구 용강동
29170138,광주광역시 북구 생용동
29170139,광주광역시 북구 월출동
29170140,광주광역시 북구 대촌동
29170141,광주광역시 북구 오룡동
29200101,광주광역시 광산구 송정동
29200102,광주광역시 광산구 도산동
29200103,광주광역시 광산구 도호동
29200104,광주광역시 광산구 신촌동
29200105,광주광역시 광산구 서봉동
29200106,광주광역시 광산구 운수동
29200107,광주광역시 광산구 선암동
29200108,광주광역시 광산구 소촌동
29200109,광주광역시 광산구 우산동
29200110,광주광역시 광산구 황룡동
29200111,광주광역시 광산구 박호동
29200112,광주광역시 광산구 비아동
29200113,광주광역시 광산구 도천동
29200114,광주광역시 광산구 수완동
29200115,광주광역시 광산구 월계동
29200116,광주광역시 광산구 쌍암동
29200117,광주광역시 광산구 산월동
29200118,광주광역시 광산구 신창동
29200119,광주광역시 광산구 신가동
29200120,광주광역시 광산구 운남동
29200121,광주광역시 광산구 안청동
29200122,광주광역시 광산구 진곡동
29200123,광주광역시 광산구 장덕동
29200124,광주광역시 광산구 흑석동
29200125,광주광역시 광산구 하남동
29200126,광주광역시 광산구 장수동
29200127,광주광역시 광산구 산정동
29200128,광주광역시 광산구 월곡동
29200129,광주광역시 광산구 등임동
29200130,광주광역시 광산구 산막동
29200131,광주광역시 광산구 고룡동
29200132,광주광역시 광산구 신룡동
29200133,광주광역시 광산구 두정동
29200134,광주광역시 광산구 임곡동
29200135,광주광역시 광산구 광산동
29200136,광주광역시 광산구 오산동
29200137,광주광역시 광산구 사호동
29200138,광주광역시 광산구 하산동
29200139,광주광역시 광산구 유계동
29200140,광주광역시 광산구 본덕동
29200141,광주광역시 광산구 용봉동
29200142,광주광역시 광산구 요기동
29200143,광주광역시 광산구 복룡동
29200144,광주광역시 광산구 송대동
29200145,광주광역시 광산구 옥동
29200146,광주광역시 광산구 월전동
29200147,광주광역시 광산구 장록동
29200148,광주광역시 광산구 송촌동
29200149,광주광역시 광산구 지죽동
29200150,광주광역시 광산구 용동
29200151,광주광역시 광산구 용곡동
29200152,광주광역시 광산구 지정동
29200153,광주광역시 광산구 명화동
29200154,광주광역시 광산구 동산동
29200155,광주광역시 광산구 연산동
29200156,광주광역시 광산구 도덕동
29200157,광주광역시 광산구 송산동
29200158,광주광역시 광산구 지평동
29200159,광주광역시 광산구 오운동
29200160,광주광역시 광산구 삼거동
29200161,광주광역시 광산구 양동
29200162,광주광역시 광산구 내산동
29200163,광주광역시 광산구 대산동
29200164,광주광역시 광산구 송학동
29200165,광주광역시 광산구 신동
29200166,광주광역시 광산구 삼도동
29200167,광주광역시 광산구 남산동
29200168,광주광역시 광산구 송치동
29200169,광주광역시 광산구 산수동
29200170,광주광역시 광산구 선동
29200171,광주광역시 광산구 지산동
29200172,광주광역시 광산구 왕동
29200173,광주광역시 광산구 북산동
29200174,광주광역시 광산구 명도동
29200175,광주광역시 광산구 동호동
29200176,광주광역시 광산구 덕림동
29200177,광주광역시 광산구 양산동
29200178,광주광역시 광산구 동림동
29200202,광주광역시 광산구 오선동
30110101,대전광역시 동구 원동
30110102,대전광역시 동구 인동
30110103,대전광역시 동구 효동
30110104,대전광역시 동구 천동
30110105,대전광역시 동구 가오동
30110106,대전광역시 동구 신흥동
30110107,대전광역시 동구 판암동
30110108,대전광역시 동구 삼정동
30110109,대전광역시 동구 용운동
30110110,대전광역시 동구 대동
30110111,대전광역시 동구 자양동
30110112,대전광역시 동구 신안동
30110113,대전광역시 동구 소제동
30110114,대전광역시 동구 가양동
30110115,대전광역시 동구 용전동
30110116,대전광역시 동구 성남동
30110117,대전광역시 동구 홍도동
30110118,대전광역시 동구 삼성동
30110119,대전광역시 동구 정동
30110120,대전광역시 동구 중동
30110121,대전광역시 동구 추동
30110122,대전광역시 동구 비룡동
30110123,대전광역시 동구 주산동
30110124,대전광역시 동구 용계동
30110125,대전광역시 동구 마산동
30110126,대전광역시 동구 효평동
30110127,대전광역시 동구 직동
30110128,대전광역시 동구 세천동
30110129,대전광역시 동구 신상동
30110130,대전광역시 동구 신하동
30110131,대전광역시 동구 신촌동
30110132,대전광역시 동구 사성동
30110133,대전광역시 동구 내탑동
30110134,대전광역시 동구 오동
30110135,대전광역시 동구 주촌동
30110136,대전광역시 동구 낭월동
30110137,대전광역시 동구 대별동
30110138,대전광역시 동구 이사동
30110139,대전광역시 동구 대성동
30110140,대전광역시 동구 장척동
30110141,대전광역시 동구 소호동
30110142,대전광역시 동구 구도동
30110143,대전광역시 동구 삼괴동
30110144,대전광역시 동구 상소동
30110145,대전광역시 동구 하소동
30140101,대전광역시 중구 은행동
30140102,대전광역시 중구 선화동
30140103,대전광역시 중구 목동
30140104,대전광역시 중구 중촌동
30140105,대전광역시 중구 대흥동
30140106,대전광역시 중구 문창동
30140107,대전광역시 중구 석교동
30140108,대전광역시 중구 호동
30140109,대전광역시 중구 옥계동
30140110,대전광역시 중구 대사동
30140111,대전광역시 중구 부사동
30140112,대전광역시 중구 용두동
30140113,대전광역시 중구 오류동
30140114,대전광역시 중구 태평동
30140115,대전광역시 중구 유천동
30140116,대전광역시 중구 문화동
30140117,대전광역시 중구 산성동
30140118,대전광역시 중구 사정동
30140119,대전광역시 중구 안영동
30140120,대전광역시 중구 무수동
30140121,대전광역시 중구 구완동
30140122,대전광역시 중구 침산동
30140123,대전광역시 중구 목달동
30140124,대전광역시 중구 정생동
30140125,대전광역시 중구 어남동
30140126,대전광역시 중구 금동
30170101,대전광역시 서구 복수동
30170102,대전광역시 서구 변동
30170103,대전광역시 서구 도마동
30170104,대전광역시 서구 정림동
30170105,대전광역시 서구 용문동
30170106,대전광역시 서구 탄방동
30170108,대전광역시 서구 괴정동
30170109,대전광역시 서구 가장동
30170110,대전광역시 서구 내동
30170111,대전광역시 서구 갈마동
30170112,대전광역시 서구 둔산동
30170113,대전광역시 서구 월평동
30170114,대전광역시 서구 가수원동
30170115,대전광역시 서구 도안동
30170116,대전광역시 서구 관저동
30170117,대전광역시 서구 흑석동
30170118,대전광역시 서구 매노동
30170119,대전광역시 서구 산직동
30170120,대전광역시 서구 장안동
30170121,대전광역시 서구 평촌동
30170122,대전광역시 서구 오동
30170123,대전광역시 서구 우명동
30170124,대전광역시 서구 원정동
30170125,대전광역시 서구 용촌동
30170126,대전광역시 서구 봉곡동
30170127,대전광역시 서구 괴곡동
30170128,대전광역시 서구 만년동
30200101,대전광역시 유성구 원내동
30200102,대전광역시 유성구 교촌동
30200103,대전광역시 유성구 대정동
30200104,대전광역시 유성구 용계동
30200105,대전광역시 유성구 학하동
30200106,대전광역시 유성구 계산동
30200107,대전광역시 유성구 성북동
30200108,대전광역시 유성구 세동
30200109,대전광역시 유성구 송정동
30200110,대전광역시 유성구 방동
30200111,대전광역시 유성구 봉명동
30200112,대전광역시 유성구 구암동
30200113,대전광역시 유성구 덕명동
30200114,대전광역시 유성구 원신흥동
30200115,대전광역시 유성구 상대동
30200116,대전광역시 유성구 복용동
30200117,대전광역시 유성구 장대동
30200118,대전광역시 유성구 갑동
30200119,대전광역시 유성구 노은동
30200120,대전광역시 유성구 지족동
30200121,대전광역시 유성구 죽동
30200122,대전광역시 유성구 궁동
30200123,대전광역시 유성구 어은동
30200124,대전광역시 유성구 구성동
30200125,대전광역시 유성구 신성동
30200126,대전광역시 유성구 가정동
30200127,대전광역시 유성구 도룡동
30200128,대전광역시 유성구 장동
30200129,대전광역시 유성구 방현동
30200130,대전광역시 유성구 화암동
30200131,대전광역시 유성구 덕진동
30200132,대전광역시 유성구 하기동
30200133,대전광역시 유성구 추목동
30200134,대전광역시 유성구 자운동
30200135,대전광역시 유성구 신봉동
30200136,대전광역시 유성구 수남동
30200137,대전광역시 유성구 안산동
30200138,대전광역시 유성구 외삼동
30200139,대전광역시 유성구 반석동
30200140,대전광역시 유성구 문지동
30200141,대전광역시 유성구 전민동
30200142,대전광역시 유성구 원촌동
30200143,대전광역시 유성구 탑립동
30200144,대전광역시 유성구 용산동
30200145,대전광역시 유성구 봉산동
30200146,대전광역시 유성구 관평동
30200147,대전광역시 유성구 송강동
30200148,대전광역시 유성구 금고동
30200149,대전광역시 유성구 대동
30200150,대전광역시 유성구 금탄동
30200151,대전광역시 유성구 신동
30200152,대전광역시 유성구 둔곡동
30200153,대전광역시 유성구 구룡동
30230101,대전광역시 대덕구 오정동
30230102,대전광역시 대덕구 대화동
30230103,대전광역시 대덕구 읍내동
30230104,대전광역시 대덕구 연축동
30230105,대전광역시 대덕구 신대동
30230106,대전광역시 대덕구 와동
30230107,대전광역시 대덕구 송촌동
30230108,대전광역시 대덕구 법동
30230109,대전광역시 대덕구 중리동
30230110,대전광역시 대덕구 비래동
30230111,대전광역시 대덕구 석봉동
30230112,대전광역시 대덕구 목상동
30230113,대전광역시 대덕구 문평동
30230114,대전광역시 대덕구 신일동
30230115,대전광역시 대덕구 덕암동
30230116,대전광역시 대덕구 상서동
30230117,대전광역시 대덕구 평촌동
30230118,대전광역시 대덕구 장동
30230119,대전광역시 대덕구 용호동
30230120,대전광역시 대덕구 이현동
30230121,대전광역시 대덕구 갈전동
41480109,경기도 파주시 다율동
30230122,대전광역시 대덕구 부수동
30230123,대전광역시 대덕구 황호동
30230124,대전광역시 대덕구 삼정동
30230125,대전광역시 대덕구 미호동
30230126,대전광역시 대덕구 신탄진동
31110101,울산광역시 중구 학성동
31110102,울산광역시 중구 학산동
31110103,울산광역시 중구 복산동
31110104,울산광역시 중구 북정동
31110105,울산광역시 중구 옥교동
31110106,울산광역시 중구 성남동
31110107,울산광역시 중구 교동
31110108,울산광역시 중구 우정동
31110109,울산광역시 중구 성안동
31110110,울산광역시 중구 유곡동
31110111,울산광역시 중구 태화동
31110112,울산광역시 중구 다운동
31110113,울산광역시 중구 동동
31110114,울산광역시 중구 서동
31110115,울산광역시 중구 남외동
31110116,울산광역시 중구 장현동
31110117,울산광역시 중구 약사동
31110118,울산광역시 중구 반구동
31140101,울산광역시 남구 무거동
31140102,울산광역시 남구 옥동
31140103,울산광역시 남구 두왕동
31140104,울산광역시 남구 신정동
31140105,울산광역시 남구 달동
31140106,울산광역시 남구 삼산동
31140107,울산광역시 남구 여천동
31140108,울산광역시 남구 야음동
31140109,울산광역시 남구 선암동
31140110,울산광역시 남구 상개동
31140111,울산광역시 남구 부곡동
31140112,울산광역시 남구 고사동
31140113,울산광역시 남구 성암동
31140114,울산광역시 남구 황성동
31140115,울산광역시 남구 용연동
31140116,울산광역시 남구 남화동
31140117,울산광역시 남구 용잠동
31140118,울산광역시 남구 장생포동
31140119,울산광역시 남구 매암동
31170101,울산광역시 동구 방어동
31170102,울산광역시 동구 화정동
31170103,울산광역시 동구 일산동
31170104,울산광역시 동구 전하동
31170105,울산광역시 동구 미포동
31170106,울산광역시 동구 주전동
31170107,울산광역시 동구 동부동
31170108,울산광역시 동구 서부동
31200101,울산광역시 북구 창평동
31200102,울산광역시 북구 호계동
31200103,울산광역시 북구 매곡동
31200104,울산광역시 북구 가대동
31200105,울산광역시 북구 신천동
31200106,울산광역시 북구 중산동
31200107,울산광역시 북구 상안동
31200108,울산광역시 북구 천곡동
31200109,울산광역시 북구 달천동
31200110,울산광역시 북구 시례동
31200111,울산광역시 북구 무룡동
31200112,울산광역시 북구 구유동
31200113,울산광역시 북구 정자동
31200114,울산광역시 북구 신명동
31200115,울산광역시 북구 대안동
31200116,울산광역시 북구 당사동
31200117,울산광역시 북구 신현동
31200118,울산광역시 북구 산하동
31200119,울산광역시 북구 어물동
31200120,울산광역시 북구 명촌동
31200121,울산광역시 북구 진장동
31200122,울산광역시 북구 연암동
31200123,울산광역시 북구 효문동
31200124,울산광역시 북구 양정동
31200125,울산광역시 북구 화봉동
31200126,울산광역시 북구 송정동
31200127,울산광역시 북구 염포동
31710250,울산광역시 울주군 온산읍
31710253,울산광역시 울주군 언양읍
31710256,울산광역시 울주군 온양읍
31710259,울산광역시 울주군 범서읍
31710310,울산광역시 울주군 서생면
31710330,울산광역시 울주군 청량면
31710340,울산광역시 울주군 웅촌면
31710360,울산광역시 울주군 두동면
31710370,울산광역시 울주군 두서면
31710380,울산광역시 울주군 상북면
31710390,울산광역시 울주군 삼남면
31710400,울산광역시 울주군 삼동면
41111000,경기도 수원시 장안구
41113000,경기도 수원시 권선구
41115000,경기도 수원시 팔달구
41117000,경기도 수원시 영통구
41131000,경기도 성남시 수정구
41133000,경기도 성남시 중원구
41135000,경기도 성남시 분당구
41150101,경기도 의정부시 의정부동
41150102,경기도 의정부시 호원동
41150103,경기도 의정부시 장암동
41150104,경기도 의정부시 신곡동
41150105,경기도 의정부시 용현동
41150106,경기도 의정부시 민락동
41150107,경기도 의정부시 낙양동
41150108,경기도 의정부시 자일동
41150109,경기도 의정부시 금오동
41150110,경기도 의정부시 가능동
41150111,경기도 의정부시 녹양동
41150112,경기도 의정부시 고산동
41150113,경기도 의정부시 산곡동
41171000,경기도 안양시 만안구
41173000,경기도 안양시 동안구
41190101,경기도 부천시 원미동
41190102,경기도 부천시 심곡동
41190103,경기도 부천시 춘의동
41190104,경기도 부천시 도당동
41190105,경기도 부천시 약대동
41190106,경기도 부천시 소사동
41190107,경기도 부천시 역곡동
41190108,경기도 부천시 중동
41190109,경기도 부천시 상동
41190110,경기도 부천시 소사본동
41190111,경기도 부천시 심곡본동
41190112,경기도 부천시 범박동
41190113,경기도 부천시 괴안동
41190114,경기도 부천시 송내동
41190115,경기도 부천시 옥길동
41190116,경기도 부천시 계수동
41190117,경기도 부천시 오정동
41190118,경기도 부천시 여월동
41190119,경기도 부천시 작동
41190120,경기도 부천시 원종동
41190121,경기도 부천시 고강동
41190122,경기도 부천시 대장동
41190123,경기도 부천시 삼정동
41190124,경기도 부천시 내동
41210101,경기도 광명시 광명동
41210102,경기도 광명시 철산동
41210103,경기도 광명시 하안동
41210104,경기도 광명시 소하동
41210105,경기도 광명시 노온사동
41210106,경기도 광명시 일직동
41210107,경기도 광명시 가학동
41210108,경기도 광명시 옥길동
41220101,경기도 평택시 서정동
41220102,경기도 평택시 장당동
41220103,경기도 평택시 모곡동
41220104,경기도 평택시 칠괴동
41220105,경기도 평택시 칠원동
41220106,경기도 평택시 도일동
41220107,경기도 평택시 가재동
41220108,경기도 평택시 장안동
41220109,경기도 평택시 이충동
41220110,경기도 평택시 지산동
41220111,경기도 평택시 독곡동
41220112,경기도 평택시 신장동
41220113,경기도 평택시 평택동
41220114,경기도 평택시 통복동
41220115,경기도 평택시 군문동
41220116,경기도 평택시 유천동
41220117,경기도 평택시 합정동
41220118,경기도 평택시 비전동
41220119,경기도 평택시 동삭동
41220120,경기도 평택시 세교동
41220121,경기도 평택시 지제동
41220122,경기도 평택시 신대동
41220123,경기도 평택시 소사동
41220124,경기도 평택시 용이동
41220125,경기도 평택시 월곡동
41220126,경기도 평택시 청룡동
41220127,경기도 평택시 죽백동
41220250,경기도 평택시 팽성읍
41220253,경기도 평택시 안중읍
41220256,경기도 평택시 포승읍
41220259,경기도 평택시 청북읍
41220310,경기도 평택시 진위면
41220320,경기도 평택시 서탄면
41220330,경기도 평택시 고덕면
41220340,경기도 평택시 오성면
41220370,경기도 평택시 현덕면
41250101,경기도 동두천시 송내동
41250102,경기도 동두천시 지행동
41250103,경기도 동두천시 생연동
41250104,경기도 동두천시 광암동
41250105,경기도 동두천시 걸산동
41250106,경기도 동두천시 보산동
41250107,경기도 동두천시 동두천동
41250108,경기도 동두천시 안흥동
41250109,경기도 동두천시 상봉암동
41250110,경기도 동두천시 하봉암동
41250111,경기도 동두천시 탑동동
41250112,경기도 동두천시 상패동
41271000,경기도 안산시 상록구
41273000,경기도 안산시 단원구
41281000,경기도 고양시 덕양구
41285000,경기도 고양시 일산동구
41287000,경기도 고양시 일산서구
41290101,경기도 과천시 관문동
41290102,경기도 과천시 문원동
41290103,경기도 과천시 갈현동
41290104,경기도 과천시 막계동
41290105,경기도 과천시 과천동
41290106,경기도 과천시 주암동
41290107,경기도 과천시 중앙동
41290108,경기도 과천시 원문동
41290109,경기도 과천시 별양동
41290110,경기도 과천시 부림동
41310101,경기도 구리시 갈매동
41310102,경기도 구리시 사노동
41310103,경기도 구리시 인창동
41310104,경기도 구리시 교문동
41310105,경기도 구리시 수택동
41310106,경기도 구리시 아천동
41310107,경기도 구리시 토평동
41360101,경기도 남양주시 호평동
41360102,경기도 남양주시 평내동
41360103,경기도 남양주시 금곡동
41360104,경기도 남양주시 일패동
41360105,경기도 남양주시 이패동
41360106,경기도 남양주시 삼패동
41360108,경기도 남양주시 수석동
41360109,경기도 남양주시 지금동
41360110,경기도 남양주시 도농동
41360111,경기도 남양주시 별내동
41360112,경기도 남양주시 다산동
41360250,경기도 남양주시 와부읍
41360253,경기도 남양주시 진접읍
41360256,경기도 남양주시 화도읍
41360259,경기도 남양주시 진건읍
41360262,경기도 남양주시 오남읍
41360310,경기도 남양주시 별내면
41360340,경기도 남양주시 수동면
41360360,경기도 남양주시 조안면
41360370,경기도 남양주시 퇴계원면
41370101,경기도 오산시 오산동
41370102,경기도 오산시 부산동
41370103,경기도 오산시 원동
41370104,경기도 오산시 궐동
41370105,경기도 오산시 청학동
41370106,경기도 오산시 가장동
41370107,경기도 오산시 금암동
41370108,경기도 오산시 수청동
41370109,경기도 오산시 은계동
41370110,경기도 오산시 내삼미동
41370111,경기도 오산시 외삼미동
41370112,경기도 오산시 양산동
41370113,경기도 오산시 세교동
41370114,경기도 오산시 지곶동
41370115,경기도 오산시 서랑동
41370116,경기도 오산시 서동
41370117,경기도 오산시 벌음동
41370118,경기도 오산시 두곡동
41370119,경기도 오산시 탑동
41370120,경기도 오산시 누읍동
41370121,경기도 오산시 가수동
41370122,경기도 오산시 고현동
41370123,경기도 오산시 청호동
41370124,경기도 오산시 갈곶동
41390101,경기도 시흥시 대야동
41390102,경기도 시흥시 신천동
41390103,경기도 시흥시 방산동
41390104,경기도 시흥시 포동
41390105,경기도 시흥시 미산동
41390106,경기도 시흥시 은행동
41390107,경기도 시흥시 안현동
41390108,경기도 시흥시 매화동
41390109,경기도 시흥시 도창동
41390110,경기도 시흥시 금이동
41390112,경기도 시흥시 과림동
41390113,경기도 시흥시 계수동
41390117,경기도 시흥시 화정동
41390118,경기도 시흥시 능곡동
41390119,경기도 시흥시 하중동
41390120,경기도 시흥시 하상동
41390121,경기도 시흥시 광석동
41390122,경기도 시흥시 물왕동
41390123,경기도 시흥시 산현동
41390124,경기도 시흥시 조남동
41390125,경기도 시흥시 논곡동
41390126,경기도 시흥시 목감동
41390127,경기도 시흥시 거모동
41390128,경기도 시흥시 군자동
41390129,경기도 시흥시 장현동
41390130,경기도 시흥시 장곡동
41390131,경기도 시흥시 월곶동
41390132,경기도 시흥시 정왕동
41390133,경기도 시흥시 죽율동
41390134,경기도 시흥시 무지내동
41410101,경기도 군포시 당동
41410102,경기도 군포시 당정동
41410103,경기도 군포시 부곡동
41410104,경기도 군포시 산본동
41410105,경기도 군포시 금정동
41410106,경기도 군포시 둔대동
41410107,경기도 군포시 속달동
41410108,경기도 군포시 대야미동
41410109,경기도 군포시 도마교동
41430101,경기도 의왕시 고천동
41430102,경기도 의왕시 이동
41430103,경기도 의왕시 삼동
41430104,경기도 의왕시 왕곡동
41430105,경기도 의왕시 오전동
41430106,경기도 의왕시 학의동
41430107,경기도 의왕시 내손동
41430108,경기도 의왕시 청계동
41430109,경기도 의왕시 포일동
41430110,경기도 의왕시 월암동
41430111,경기도 의왕시 초평동
41450101,경기도 하남시 천현동
41450102,경기도 하남시 하산곡동
41450103,경기도 하남시 창우동
41450104,경기도 하남시 배알미동
41450105,경기도 하남시 상산곡동
41450106,경기도 하남시 신장동
41450107,경기도 하남시 당정동
41450108,경기도 하남시 덕풍동
41450109,경기도 하남시 망월동
41450110,경기도 하남시 풍산동
41450111,경기도 하남시 미사동
41450112,경기도 하남시 선동
41450113,경기도 하남시 감북동
41450114,경기도 하남시 감일동
41450115,경기도 하남시 감이동
41450116,경기도 하남시 학암동
41450117,경기도 하남시 교산동
41450118,경기도 하남시 춘궁동
41450119,경기도 하남시 하사창동
41450120,경기도 하남시 상사창동
41450121,경기도 하남시 항동
41450122,경기도 하남시 초일동
41450123,경기도 하남시 초이동
41450124,경기도 하남시 광암동
41461000,경기도 용인시 처인구
41463000,경기도 용인시 기흥구
41465000,경기도 용인시 수지구
41480101,경기도 파주시 금촌동
41480102,경기도 파주시 아동동
41480104,경기도 파주시 야동동
41480105,경기도 파주시 검산동
41480106,경기도 파주시 맥금동
41480107,경기도 파주시 교하동
41480108,경기도 파주시 야당동
41480110,경기도 파주시 오도동
41480111,경기도 파주시 상지석동
41480112,경기도 파주시 산남동
41480113,경기도 파주시 동패동
41480114,경기도 파주시 당하동
41480115,경기도 파주시 문발동
41480116,경기도 파주시 송촌동
41480117,경기도 파주시 목동동
41480118,경기도 파주시 하지석동
41480119,경기도 파주시 서패동
41480120,경기도 파주시 신촌동
41480121,경기도 파주시 연다산동
41480122,경기도 파주시 와동동
41480123,경기도 파주시 금릉동
41480250,경기도 파주시 문산읍
41480253,경기도 파주시 파주읍
41480256,경기도 파주시 법원읍
41480262,경기도 파주시 조리읍
41480310,경기도 파주시 월롱면
41480320,경기도 파주시 탄현면
41480350,경기도 파주시 광탄면
41480360,경기도 파주시 파평면
41480370,경기도 파주시 적성면
41480380,경기도 파주시 군내면
41480390,경기도 파주시 장단면
41480400,경기도 파주시 진동면
41480410,경기도 파주시 진서면
41500101,경기도 이천시 창전동
41500102,경기도 이천시 관고동
41500103,경기도 이천시 중리동
41500104,경기도 이천시 증일동
41500105,경기도 이천시 율현동
41500106,경기도 이천시 진리동
41500107,경기도 이천시 안흥동
41500108,경기도 이천시 갈산동
41500109,경기도 이천시 증포동
41500110,경기도 이천시 송정동
41500111,경기도 이천시 사음동
41500112,경기도 이천시 단월동
41500113,경기도 이천시 대포동
41500114,경기도 이천시 고담동
41500115,경기도 이천시 장록동
41500250,경기도 이천시 장호원읍
41500253,경기도 이천시 부발읍
41500310,경기도 이천시 신둔면
41500320,경기도 이천시 백사면
41500330,경기도 이천시 호법면
41500340,경기도 이천시 마장면
41500350,경기도 이천시 대월면
41500360,경기도 이천시 모가면
41500370,경기도 이천시 설성면
41500380,경기도 이천시 율면
41550101,경기도 안성시 봉산동
41550102,경기도 안성시 숭인동
41550103,경기도 안성시 영동
41550104,경기도 안성시 봉남동
41550105,경기도 안성시 구포동
41550106,경기도 안성시 동본동
41550107,경기도 안성시 명륜동
41550108,경기도 안성시 옥천동
41550109,경기도 안성시 낙원동
41550110,경기도 안성시 창전동
41550111,경기도 안성시 성남동
41550112,경기도 안성시 신흥동
41550113,경기도 안성시 인지동
41550114,경기도 안성시 금산동
41550115,경기도 안성시 연지동
41550116,경기도 안성시 대천동
41550117,경기도 안성시 서인동
41550118,경기도 안성시 석정동
41550119,경기도 안성시 아양동
41550120,경기도 안성시 금석동
41550121,경기도 안성시 계동
41550122,경기도 안성시 옥산동
41550123,경기도 안성시 사곡동
41550124,경기도 안성시 도기동
41550125,경기도 안성시 당왕동
41550126,경기도 안성시 가사동
41550127,경기도 안성시 가현동
41550128,경기도 안성시 신건지동
41550129,경기도 안성시 신소현동
41550130,경기도 안성시 신모산동
41550131,경기도 안성시 현수동
41550132,경기도 안성시 발화동
41550133,경기도 안성시 중리동
41550250,경기도 안성시 공도읍
41550310,경기도 안성시 보개면
41550320,경기도 안성시 금광면
41550330,경기도 안성시 서운면
41550340,경기도 안성시 미양면
41550350,경기도 안성시 대덕면
41550360,경기도 안성시 양성면
41550380,경기도 안성시 원곡면
41550390,경기도 안성시 일죽면
41550400,경기도 안성시 죽산면
41550410,경기도 안성시 삼죽면
41550420,경기도 안성시 고삼면
41570101,경기도 김포시 북변동
41570102,경기도 김포시 걸포동
41570103,경기도 김포시 운양동
41570104,경기도 김포시 장기동
41570105,경기도 김포시 감정동
41570106,경기도 김포시 사우동
41570107,경기도 김포시 풍무동
41570108,경기도 김포시 마산동
41570109,경기도 김포시 구래동
41570250,경기도 김포시 통진읍
41570253,경기도 김포시 고촌읍
41570256,경기도 김포시 양촌읍
41570340,경기도 김포시 대곶면
41570350,경기도 김포시 월곶면
41570360,경기도 김포시 하성면
41590116,경기도 화성시 진안동
41590117,경기도 화성시 병점동
41590118,경기도 화성시 능동
41590119,경기도 화성시 기산동
41590120,경기도 화성시 반월동
41590121,경기도 화성시 반정동
41590122,경기도 화성시 황계동
41590123,경기도 화성시 배양동
41590124,경기도 화성시 기안동
41590125,경기도 화성시 송산동
41590126,경기도 화성시 안녕동
41590127,경기도 화성시 반송동
41590128,경기도 화성시 석우동
41590129,경기도 화성시 오산동
41590130,경기도 화성시 청계동
41590131,경기도 화성시 영천동
41590132,경기도 화성시 중동
41590133,경기도 화성시 신동
41590134,경기도 화성시 목동
41590135,경기도 화성시 산척동
41590136,경기도 화성시 장지동
41590137,경기도 화성시 송동
41590138,경기도 화성시 방교동
41590139,경기도 화성시 금곡동
41590140,경기도 화성시 새솔동
41590253,경기도 화성시 봉담읍
41590256,경기도 화성시 우정읍
41590259,경기도 화성시 향남읍
41590262,경기도 화성시 남양읍
41590310,경기도 화성시 매송면
41590320,경기도 화성시 비봉면
41590330,경기도 화성시 마도면
41590340,경기도 화성시 송산면
41590350,경기도 화성시 서신면
41590360,경기도 화성시 팔탄면
41590370,경기도 화성시 장안면
41590400,경기도 화성시 양감면
41590410,경기도 화성시 정남면
41610101,경기도 광주시 경안동
41610102,경기도 광주시 쌍령동
41610103,경기도 광주시 송정동
41610104,경기도 광주시 회덕동
41610105,경기도 광주시 탄벌동
41610106,경기도 광주시 목현동
41610107,경기도 광주시 삼동
41610108,경기도 광주시 중대동
41610109,경기도 광주시 직동
41610110,경기도 광주시 태전동
41610111,경기도 광주시 장지동
41610112,경기도 광주시 역동
41610113,경기도 광주시 목동
41610250,경기도 광주시 오포읍
41610253,경기도 광주시 초월읍
41610259,경기도 광주시 곤지암읍
41610330,경기도 광주시 도척면
41610340,경기도 광주시 퇴촌면
41610350,경기도 광주시 남종면
41610370,경기도 광주시 남한산성면
41630101,경기도 양주시 유양동
41630102,경기도 양주시 어둔동
41630103,경기도 양주시 남방동
41630104,경기도 양주시 마전동
41630105,경기도 양주시 산북동
41630106,경기도 양주시 광사동
41630107,경기도 양주시 만송동
41630108,경기도 양주시 삼숭동
41630109,경기도 양주시 고읍동
41630110,경기도 양주시 덕정동
41630111,경기도 양주시 봉양동
41630112,경기도 양주시 회암동
41630113,경기도 양주시 율정동
41630114,경기도 양주시 옥정동
41630115,경기도 양주시 고암동
41630116,경기도 양주시 덕계동
41630117,경기도 양주시 회정동
41630250,경기도 양주시 백석읍
41630310,경기도 양주시 은현면
41630320,경기도 양주시 남면
41630330,경기도 양주시 광적면
41630340,경기도 양주시 장흥면
41650101,경기도 포천시 신읍동
41650102,경기도 포천시 어룡동
41650103,경기도 포천시 자작동
41650104,경기도 포천시 선단동
41650105,경기도 포천시 설운동
41650106,경기도 포천시 동교동
41650250,경기도 포천시 소흘읍
41650310,경기도 포천시 군내면
41650320,경기도 포천시 내촌면
41650330,경기도 포천시 가산면
41650340,경기도 포천시 신북면
41650350,경기도 포천시 창수면
41650360,경기도 포천시 영중면
41650370,경기도 포천시 일동면
41650380,경기도 포천시 이동면
41650390,경기도 포천시 영북면
41650400,경기도 포천시 관인면
41650410,경기도 포천시 화현면
41670101,경기도 여주시 상동
41670102,경기도 여주시 홍문동
41670103,경기도 여주시 창동
41670104,경기도 여주시 우만동
41670105,경기도 여주시 단현동
41670106,경기도 여주시 신진동
41670107,경기도 여주시 하동
41670108,경기도 여주시 교동
41670109,경기도 여주시 월송동
41670110,경기도 여주시 가업동
41670111,경기도 여주시 연라동
41670112,경기도 여주시 상거동
41670113,경기도 여주시 하거동
41670114,경기도 여주시 삼교동
41670115,경기도 여주시 점봉동
41670116,경기도 여주시 능현동
41670117,경기도 여주시 멱곡동
41670118,경기도 여주시 연양동
41670119,경기도 여주시 매룡동
41670120,경기도 여주시 천송동
41670121,경기도 여주시 오학동
41670122,경기도 여주시 현암동
41670123,경기도 여주시 오금동
41670250,경기도 여주시 가남읍
41670310,경기도 여주시 점동면
41670320,경기도 여주시 흥천면
41670330,경기도 여주시 금사면
41670340,경기도 여주시 능서면
41670350,경기도 여주시 대신면 
41670360,경기도 여주시 북내면
41670370,경기도 여주시 강천면
41670380,경기도 여주시 산북면
41800250,경기도 연천군 연천읍
41800253,경기도 연천군 전곡읍
41800310,경기도 연천군 군남면
41800320,경기도 연천군 청산면
41800330,경기도 연천군 백학면
41800340,경기도 연천군 미산면
41800350,경기도 연천군 왕징면
41800360,경기도 연천군 신서면
41800370,경기도 연천군 중면
41800380,경기도 연천군 장남면
41820250,경기도 가평군 가평읍
41820310,경기도 가평군 설악면
41820325,경기도 가평군 청평면
41820330,경기도 가평군 상면
41820345,경기도 가평군 조종면
41820350,경기도 가평군 북면
41830250,경기도 양평군 양평읍
41830310,경기도 양평군 강상면
41830320,경기도 양평군 강하면
41830330,경기도 양평군 양서면
41830340,경기도 양평군 옥천면
41830350,경기도 양평군 서종면
41830360,경기도 양평군 단월면
41830370,경기도 양평군 청운면
41830380,경기도 양평군 양동면
41830395,경기도 양평군 지평면
41830400,경기도 양평군 용문면
41830410,경기도 양평군 개군면
42110101,강원도 춘천시 봉의동
42110102,강원도 춘천시 요선동
42110103,강원도 춘천시 낙원동
42110104,강원도 춘천시 중앙로1가
42110105,강원도 춘천시 중앙로2가
42110106,강원도 춘천시 중앙로3가
42110107,강원도 춘천시 옥천동
42110108,강원도 춘천시 조양동
42110109,강원도 춘천시 죽림동
42110110,강원도 춘천시 운교동
42110111,강원도 춘천시 약사동
42110112,강원도 춘천시 효자동
42110113,강원도 춘천시 소양로1가
42110114,강원도 춘천시 소양로2가
42110115,강원도 춘천시 소양로3가
42110116,강원도 춘천시 소양로4가
42110117,강원도 춘천시 근화동
42110118,강원도 춘천시 우두동
42110119,강원도 춘천시 사농동
42110120,강원도 춘천시 후평동
42110121,강원도 춘천시 온의동
42110122,강원도 춘천시 교동
42110123,강원도 춘천시 퇴계동
42110124,강원도 춘천시 석사동
42110125,강원도 춘천시 삼천동
42110126,강원도 춘천시 칠전동
42110127,강원도 춘천시 송암동
42110128,강원도 춘천시 신동
42110129,강원도 춘천시 중도동
42110250,강원도 춘천시 신북읍
42110310,강원도 춘천시 동면
42110320,강원도 춘천시 동산면
42110330,강원도 춘천시 신동면
42110340,강원도 춘천시 남면
42110350,강원도 춘천시 서면
42110360,강원도 춘천시 사북면
42110380,강원도 춘천시 북산면
42110390,강원도 춘천시 동내면
42110400,강원도 춘천시 남산면
42130101,강원도 원주시 중앙동
42130102,강원도 원주시 평원동
42130103,강원도 원주시 원동
42130104,강원도 원주시 인동
42130105,강원도 원주시 개운동
42130106,강원도 원주시 명륜동
42130107,강원도 원주시 단구동
42130108,강원도 원주시 일산동
42130109,강원도 원주시 학성동
42130110,강원도 원주시 단계동
42130111,강원도 원주시 우산동
42130112,강원도 원주시 태장동
42130113,강원도 원주시 봉산동
42130114,강원도 원주시 행구동
42130115,강원도 원주시 무실동
42130116,강원도 원주시 관설동
42130117,강원도 원주시 반곡동
42130118,강원도 원주시 가현동
42130250,강원도 원주시 문막읍
42130310,강원도 원주시 소초면
42130320,강원도 원주시 호저면
42130330,강원도 원주시 지정면
42130350,강원도 원주시 부론면
42130360,강원도 원주시 귀래면
42130370,강원도 원주시 흥업면
42130380,강원도 원주시 판부면
42130390,강원도 원주시 신림면
42150101,강원도 강릉시 홍제동
42150102,강원도 강릉시 남문동
42150103,강원도 강릉시 명주동
42150104,강원도 강릉시 성내동
42150105,강원도 강릉시 임당동
42150106,강원도 강릉시 금학동
42150107,강원도 강릉시 용강동
42150108,강원도 강릉시 성남동
42150109,강원도 강릉시 옥천동
42150110,강원도 강릉시 교동
42150111,강원도 강릉시 포남동
42150112,강원도 강릉시 초당동
42150113,강원도 강릉시 강문동
42150114,강원도 강릉시 송정동
42150115,강원도 강릉시 견소동
42150116,강원도 강릉시 내곡동
42150117,강원도 강릉시 회산동
42150118,강원도 강릉시 장현동
42150119,강원도 강릉시 박월동
42150120,강원도 강릉시 담산동
42150121,강원도 강릉시 노암동
42150122,강원도 강릉시 유산동
42150123,강원도 강릉시 월호평동
42150124,강원도 강릉시 신석동
42150125,강원도 강릉시 입암동
42150126,강원도 강릉시 청량동
42150127,강원도 강릉시 두산동
42150128,강원도 강릉시 학동
42150129,강원도 강릉시 병산동
42150130,강원도 강릉시 남항진동
42150131,강원도 강릉시 유천동
42150132,강원도 강릉시 지변동
42150133,강원도 강릉시 죽헌동
42150134,강원도 강릉시 대전동
42150135,강원도 강릉시 운정동
42150136,강원도 강릉시 난곡동
42150137,강원도 강릉시 저동
42150138,강원도 강릉시 안현동
42150139,강원도 강릉시 운산동
42150250,강원도 강릉시 주문진읍
42150310,강원도 강릉시 성산면
42150320,강원도 강릉시 왕산면
42150330,강원도 강릉시 구정면
42150340,강원도 강릉시 강동면
42150350,강원도 강릉시 옥계면
42150360,강원도 강릉시 사천면
42150370,강원도 강릉시 연곡면
42170101,강원도 동해시 천곡동
42170102,강원도 동해시 평릉동
42170103,강원도 동해시 송정동
42170104,강원도 동해시 용정동
42170105,강원도 동해시 지흥동
42170106,강원도 동해시 효가동
42170107,강원도 동해시 동회동
42170108,강원도 동해시 나안동
42170109,강원도 동해시 쇄운동
42170110,강원도 동해시 부곡동
42170111,강원도 동해시 발한동
42170112,강원도 동해시 북평동
42170113,강원도 동해시 구미동
42170114,강원도 동해시 추암동
42170115,강원도 동해시 구호동
42170116,강원도 동해시 단봉동
42170117,강원도 동해시 지가동
42170118,강원도 동해시 이도동
42170119,강원도 동해시 귀운동
42170120,강원도 동해시 대구동
42170121,강원도 동해시 호현동
42170122,강원도 동해시 내동
42170123,강원도 동해시 묵호진동
42170124,강원도 동해시 삼화동
42170125,강원도 동해시 이기동
42170126,강원도 동해시 이로동
42170127,강원도 동해시 어달동
42170128,강원도 동해시 대진동
42170129,강원도 동해시 망상동
42170130,강원도 동해시 심곡동
42170131,강원도 동해시 초구동
42170132,강원도 동해시 괴란동
42170133,강원도 동해시 만우동
42170134,강원도 동해시 신흥동
42170135,강원도 동해시 비천동
42170136,강원도 동해시 달방동
42190101,강원도 태백시 황지동
42190102,강원도 태백시 장성동
42190103,강원도 태백시 금천동
42190104,강원도 태백시 철암동
42190105,강원도 태백시 문곡동
42190106,강원도 태백시 동점동
42190107,강원도 태백시 소도동
42190108,강원도 태백시 혈동
42190109,강원도 태백시 화전동
42190110,강원도 태백시 적각동
42190111,강원도 태백시 창죽동
42190112,강원도 태백시 통동
42190113,강원도 태백시 백산동
42190114,강원도 태백시 원동
42190115,강원도 태백시 상사미동
42190116,강원도 태백시 하사미동
42190117,강원도 태백시 조탄동
42210101,강원도 속초시 영랑동
42210102,강원도 속초시 동명동
42210103,강원도 속초시 중앙동
42210104,강원도 속초시 금호동
42210105,강원도 속초시 청학동
42210106,강원도 속초시 교동
42210107,강원도 속초시 노학동
42210108,강원도 속초시 조양동
42210109,강원도 속초시 청호동
42210110,강원도 속초시 대포동
42210111,강원도 속초시 도문동
42210112,강원도 속초시 설악동
42210113,강원도 속초시 장사동
42230101,강원도 삼척시 성내동
42230102,강원도 삼척시 성북동
42230103,강원도 삼척시 읍상동
42230104,강원도 삼척시 읍중동
42230105,강원도 삼척시 당저동
42230106,강원도 삼척시 교동
42230107,강원도 삼척시 갈천동
42230108,강원도 삼척시 증산동
42230109,강원도 삼척시 우지동
42230110,강원도 삼척시 마달동
42230111,강원도 삼척시 자원동
42230112,강원도 삼척시 평전동
42230113,강원도 삼척시 등봉동
42230114,강원도 삼척시 도경동
42230115,강원도 삼척시 마평동
42230116,강원도 삼척시 오사동
42230117,강원도 삼척시 건지동
42230118,강원도 삼척시 원당동
42230119,강원도 삼척시 성남동
42230120,강원도 삼척시 남양동
42230121,강원도 삼척시 사직동
42230122,강원도 삼척시 오분동
42230123,강원도 삼척시 적노동
42230124,강원도 삼척시 조비동
42230125,강원도 삼척시 정상동
42230126,강원도 삼척시 정하동
42230127,강원도 삼척시 근산동
42230250,강원도 삼척시 도계읍
42230253,강원도 삼척시 원덕읍
42230310,강원도 삼척시 근덕면
42230320,강원도 삼척시 하장면
42230330,강원도 삼척시 노곡면
42230340,강원도 삼척시 미로면
42230350,강원도 삼척시 가곡면
42230360,강원도 삼척시 신기면
42720250,강원도 홍천군 홍천읍
42720310,강원도 홍천군 화촌면
42720320,강원도 홍천군 두촌면
42720330,강원도 홍천군 내촌면
42720340,강원도 홍천군 서석면
42720350,강원도 홍천군 동면
42720360,강원도 홍천군 남면
42720370,강원도 홍천군 서면
42720380,강원도 홍천군 북방면
42720390,강원도 홍천군 내면
42730250,강원도 횡성군 횡성읍
42730310,강원도 횡성군 우천면
42730320,강원도 횡성군 안흥면
42730330,강원도 횡성군 둔내면
42730340,강원도 횡성군 갑천면
42730350,강원도 횡성군 청일면
42730360,강원도 횡성군 공근면
42730370,강원도 횡성군 서원면
42730380,강원도 횡성군 강림면
42750250,강원도 영월군 영월읍
42750253,강원도 영월군 상동읍
42750310,강원도 영월군 중동면
42750325,강원도 영월군 김삿갓면
42750330,강원도 영월군 북면
42750340,강원도 영월군 남면
42750355,강원도 영월군 한반도면
42750360,강원도 영월군 주천면
42750380,강원도 영월군 무릉도원면
42760250,강원도 평창군 평창읍
42760310,강원도 평창군 미탄면
42760320,강원도 평창군 방림면
42760330,강원도 평창군 대화면
42760340,강원도 평창군 봉평면
42760350,강원도 평창군 용평면
42760360,강원도 평창군 진부면
42760380,강원도 평창군 대관령면
42770250,강원도 정선군 정선읍
42770253,강원도 정선군 고한읍
42770256,강원도 정선군 사북읍
42770259,강원도 정선군 신동읍
42770320,강원도 정선군 남면
42770340,강원도 정선군 북평면
42770350,강원도 정선군 임계면
42770360,강원도 정선군 화암면
42770370,강원도 정선군 여량면
42780250,강원도 철원군 철원읍
42780253,강원도 철원군 김화읍
42780256,강원도 철원군 갈말읍
42780259,강원도 철원군 동송읍
42780310,강원도 철원군 서면
42780320,강원도 철원군 근남면
42780330,강원도 철원군 근북면
42780340,강원도 철원군 근동면
42780350,강원도 철원군 원동면
42780360,강원도 철원군 원남면
42780370,강원도 철원군 임남면
42790250,강원도 화천군 화천읍
42790310,강원도 화천군 간동면
42790320,강원도 화천군 하남면
42790330,강원도 화천군 상서면
42790340,강원도 화천군 사내면
42800250,강원도 양구군 양구읍
42800310,강원도 양구군 남면
42800320,강원도 양구군 동면
42800330,강원도 양구군 방산면
42800340,강원도 양구군 해안면
42810250,강원도 인제군 인제읍
42810310,강원도 인제군 남면
42810320,강원도 인제군 북면
42810330,강원도 인제군 기린면
42810340,강원도 인제군 서화면
42810350,강원도 인제군 상남면
42820250,강원도 고성군 간성읍
42820253,강원도 고성군 거진읍
42820310,강원도 고성군 현내면
42820320,강원도 고성군 죽왕면
42820330,강원도 고성군 토성면
42820340,강원도 고성군 수동면
42830250,강원도 양양군 양양읍
42830310,강원도 양양군 서면
42830320,강원도 양양군 손양면
42830330,강원도 양양군 현북면
42830340,강원도 양양군 현남면
42830350,강원도 양양군 강현면
43111000,충청북도 청주시 상당구
43112000,충청북도 청주시 서원구
43113000,충청북도 청주시 흥덕구
43114000,충청북도 청주시 청원구
43130101,충청북도 충주시 성내동
43130102,충청북도 충주시 성남동
43130103,충청북도 충주시 성서동
43130104,충청북도 충주시 충인동
43130105,충청북도 충주시 교현동
43130106,충청북도 충주시 용산동
43130107,충청북도 충주시 호암동
43130108,충청북도 충주시 직동
43130109,충청북도 충주시 단월동
43130110,충청북도 충주시 풍동
43130111,충청북도 충주시 가주동
43130112,충청북도 충주시 용관동
43130113,충청북도 충주시 용두동
43130114,충청북도 충주시 달천동
43130115,충청북도 충주시 봉방동
43130116,충청북도 충주시 칠금동
43130118,충청북도 충주시 연수동
43130119,충청북도 충주시 목행동
43130120,충청북도 충주시 용탄동
43130121,충청북도 충주시 종민동
48250109,경상남도 김해시 외동
43130122,충청북도 충주시 안림동
43130123,충청북도 충주시 목벌동
43130124,충청북도 충주시 충의동
43130125,충청북도 충주시 지현동
43130127,충청북도 충주시 문화동
43130128,충청북도 충주시 금릉동
43130250,충청북도 충주시 주덕읍
43130310,충청북도 충주시 살미면
43130325,충청북도 충주시 수안보면
43130335,충청북도 충주시 대소원면
43130350,충청북도 충주시 신니면
43130360,충청북도 충주시 노은면
43130370,충청북도 충주시 앙성면
43130385,충청북도 충주시 중앙탑면
43130390,충청북도 충주시 금가면
43130400,충청북도 충주시 동량면
43130410,충청북도 충주시 산척면
43130420,충청북도 충주시 엄정면
43130430,충청북도 충주시 소태면
43150101,충청북도 제천시 의림동
43150102,충청북도 제천시 서부동
43150103,충청북도 제천시 동현동
43150104,충청북도 제천시 남천동
43150105,충청북도 제천시 교동
43150106,충청북도 제천시 중앙로1가
43150107,충청북도 제천시 중앙로2가
43150108,충청북도 제천시 명동
43150109,충청북도 제천시 화산동
43150110,충청북도 제천시 영천동
43150111,충청북도 제천시 하소동
43150112,충청북도 제천시 신월동
43150113,충청북도 제천시 청전동
43150114,충청북도 제천시 모산동
43150115,충청북도 제천시 고암동
43150116,충청북도 제천시 장락동
43150117,충청북도 제천시 흑석동
43150118,충청북도 제천시 두학동
43150119,충청북도 제천시 고명동
43150120,충청북도 제천시 신백동
43150121,충청북도 제천시 강제동
43150122,충청북도 제천시 명지동
43150123,충청북도 제천시 산곡동
43150124,충청북도 제천시 왕암동
43150125,충청북도 제천시 천남동
43150126,충청북도 제천시 신동
43150127,충청북도 제천시 자작동
43150128,충청북도 제천시 대랑동
43150250,충청북도 제천시 봉양읍
43150310,충청북도 제천시 금성면
43150320,충청북도 제천시 청풍면
43150330,충청북도 제천시 수산면
43150340,충청북도 제천시 덕산면
43150350,충청북도 제천시 한수면
43150360,충청북도 제천시 백운면
43150380,충청북도 제천시 송학면
43720250,충청북도 보은군 보은읍
43720315,충청북도 보은군 속리산면
43720325,충청북도 보은군 장안면
43720330,충청북도 보은군 마로면
43720340,충청북도 보은군 탄부면
43720350,충청북도 보은군 삼승면
43720360,충청북도 보은군 수한면
43720370,충청북도 보은군 회남면
43720385,충청북도 보은군 회인면
43720390,충청북도 보은군 내북면
43720400,충청북도 보은군 산외면
43730250,충청북도 옥천군 옥천읍
43730310,충청북도 옥천군 동이면
43730320,충청북도 옥천군 안남면
43730330,충청북도 옥천군 안내면
43730340,충청북도 옥천군 청성면
43730350,충청북도 옥천군 청산면
43730360,충청북도 옥천군 이원면
43730370,충청북도 옥천군 군서면
43730380,충청북도 옥천군 군북면
43740250,충청북도 영동군 영동읍
43740310,충청북도 영동군 용산면
43740320,충청북도 영동군 황간면
43740335,충청북도 영동군 추풍령면
43740340,충청북도 영동군 매곡면
43740350,충청북도 영동군 상촌면
43740360,충청북도 영동군 양강면
43740370,충청북도 영동군 용화면
43740380,충청북도 영동군 학산면
43740390,충청북도 영동군 양산면
43740400,충청북도 영동군 심천면
43745250,충청북도 증평군 증평읍
43745310,충청북도 증평군 도안면
43750250,충청북도 진천군 진천읍
43750310,충청북도 진천군 덕산면
43750320,충청북도 진천군 초평면
43750330,충청북도 진천군 문백면
43750340,충청북도 진천군 백곡면
43750350,충청북도 진천군 이월면
43750370,충청북도 진천군 광혜원면
43760250,충청북도 괴산군 괴산읍
43760310,충청북도 괴산군 감물면
43760320,충청북도 괴산군 장연면
43760330,충청북도 괴산군 연풍면
43760340,충청북도 괴산군 칠성면
43760350,충청북도 괴산군 문광면
43760360,충청북도 괴산군 청천면
43760370,충청북도 괴산군 청안면
43760390,충청북도 괴산군 사리면
43760400,충청북도 괴산군 소수면
43760410,충청북도 괴산군 불정면
43770250,충청북도 음성군 음성읍
43770253,충청북도 음성군 금왕읍
43770310,충청북도 음성군 소이면
43770320,충청북도 음성군 원남면
43770330,충청북도 음성군 맹동면
43770340,충청북도 음성군 대소면
43770350,충청북도 음성군 삼성면
43770360,충청북도 음성군 생극면
43770370,충청북도 음성군 감곡면
43800250,충청북도 단양군 단양읍
43800253,충청북도 단양군 매포읍
43800310,충청북도 단양군 대강면
43800320,충청북도 단양군 가곡면
43800330,충청북도 단양군 영춘면
43800340,충청북도 단양군 어상천면
43800350,충청북도 단양군 적성면
43800360,충청북도 단양군 단성면
44131000,충청남도 천안시 동남구
44133000,충청남도 천안시 서북구
44150101,충청남도 공주시 반죽동
44150102,충청남도 공주시 봉황동
44150103,충청남도 공주시 중학동
44150104,충청남도 공주시 중동
44150105,충청남도 공주시 산성동
44150106,충청남도 공주시 교동
44150107,충청남도 공주시 웅진동
44150108,충청남도 공주시 금성동
44150109,충청남도 공주시 옥룡동
44150110,충청남도 공주시 금학동
44150111,충청남도 공주시 봉정동
44150112,충청남도 공주시 주미동
44150113,충청남도 공주시 태봉동
44150114,충청남도 공주시 오곡동
44150115,충청남도 공주시 신기동
44150116,충청남도 공주시 소학동
44150117,충청남도 공주시 상왕동
44150118,충청남도 공주시 무릉동
44150119,충청남도 공주시 월송동
44150120,충청남도 공주시 신관동
44150121,충청남도 공주시 금흥동
44150122,충청남도 공주시 쌍신동
44150123,충청남도 공주시 월미동
44150124,충청남도 공주시 검상동
44150125,충청남도 공주시 석장리동
44150126,충청남도 공주시 송선동
44150127,충청남도 공주시 동현동
44150250,충청남도 공주시 유구읍
44150310,충청남도 공주시 이인면
44150320,충청남도 공주시 탄천면
44150330,충청남도 공주시 계룡면
44150340,충청남도 공주시 반포면
44150360,충청남도 공주시 의당면
44150370,충청남도 공주시 정안면
44150380,충청남도 공주시 우성면
44150390,충청남도 공주시 사곡면
44150400,충청남도 공주시 신풍면
44180101,충청남도 보령시 대천동
44180102,충청남도 보령시 죽정동
44180103,충청남도 보령시 화산동
44180104,충청남도 보령시 동대동
44180105,충청남도 보령시 명천동
44180106,충청남도 보령시 궁촌동
44180107,충청남도 보령시 내항동
44180108,충청남도 보령시 남곡동
44180109,충청남도 보령시 요암동
44180110,충청남도 보령시 신흑동
44180250,충청남도 보령시 웅천읍
44180310,충청남도 보령시 주포면
44180320,충청남도 보령시 오천면
44180330,충청남도 보령시 천북면
44180340,충청남도 보령시 청소면
44180350,충청남도 보령시 청라면
44180360,충청남도 보령시 남포면
44180380,충청남도 보령시 주산면
44180390,충청남도 보령시 미산면
44180400,충청남도 보령시 성주면
44180410,충청남도 보령시 주교면
44200101,충청남도 아산시 온천동
44200102,충청남도 아산시 실옥동
44200103,충청남도 아산시 방축동
44200104,충청남도 아산시 기산동
44200105,충청남도 아산시 초사동
44200106,충청남도 아산시 신인동
44200107,충청남도 아산시 법곡동
44200108,충청남도 아산시 장존동
44200109,충청남도 아산시 좌부동
44200110,충청남도 아산시 읍내동
44200111,충청남도 아산시 풍기동
44200112,충청남도 아산시 용화동
44200113,충청남도 아산시 모종동
44200114,충청남도 아산시 권곡동
44200115,충청남도 아산시 배미동
44200116,충청남도 아산시 득산동
44200117,충청남도 아산시 점양동
44200118,충청남도 아산시 신동
44200119,충청남도 아산시 남동
44200250,충청남도 아산시 염치읍
44200253,충청남도 아산시 배방읍
44200310,충청남도 아산시 송악면
44200330,충청남도 아산시 탕정면
44200350,충청남도 아산시 음봉면
44200360,충청남도 아산시 둔포면
44200370,충청남도 아산시 영인면
44200380,충청남도 아산시 인주면
44200390,충청남도 아산시 선장면
44200400,충청남도 아산시 도고면
44200410,충청남도 아산시 신창면
44210101,충청남도 서산시 읍내동
48250110,경상남도 김해시 흥동
44210102,충청남도 서산시 동문동
44210103,충청남도 서산시 갈산동
44210104,충청남도 서산시 온석동
44210105,충청남도 서산시 잠홍동
44210106,충청남도 서산시 수석동
44210107,충청남도 서산시 석림동
44210108,충청남도 서산시 석남동
44210109,충청남도 서산시 예천동
44210110,충청남도 서산시 죽성동
44210111,충청남도 서산시 양대동
44210112,충청남도 서산시 오남동
44210113,충청남도 서산시 장동
44210114,충청남도 서산시 덕지천동
44210250,충청남도 서산시 대산읍
44210310,충청남도 서산시 인지면
44210320,충청남도 서산시 부석면
44210330,충청남도 서산시 팔봉면
44210340,충청남도 서산시 지곡면
44210360,충청남도 서산시 성연면
44210370,충청남도 서산시 음암면
44210380,충청남도 서산시 운산면
44210390,충청남도 서산시 해미면
44210400,충청남도 서산시 고북면
44230101,충청남도 논산시 화지동
44230102,충청남도 논산시 반월동
44230103,충청남도 논산시 대교동
44230104,충청남도 논산시 부창동
44230105,충청남도 논산시 취암동
44230106,충청남도 논산시 등화동
44230107,충청남도 논산시 지산동
44230108,충청남도 논산시 덕지동
44230109,충청남도 논산시 내동
44230110,충청남도 논산시 강산동
44230111,충청남도 논산시 관촉동
44230250,충청남도 논산시 강경읍
44230253,충청남도 논산시 연무읍
44230310,충청남도 논산시 성동면
44230320,충청남도 논산시 광석면
44230330,충청남도 논산시 노성면
44230340,충청남도 논산시 상월면
44230350,충청남도 논산시 부적면
44230360,충청남도 논산시 연산면
44230380,충청남도 논산시 벌곡면
44230390,충청남도 논산시 양촌면
44230400,충청남도 논산시 가야곡면
44230410,충청남도 논산시 은진면
44230420,충청남도 논산시 채운면
44250101,충청남도 계룡시 금암동
44250310,충청남도 계룡시 두마면
44250315,충청남도 계룡시 엄사면
44250330,충청남도 계룡시 신도안면
44270101,충청남도 당진시 읍내동
44270102,충청남도 당진시 채운동
44270103,충청남도 당진시 우두동
44270104,충청남도 당진시 원당동
44270105,충청남도 당진시 시곡동
44270106,충청남도 당진시 수청동
44270107,충청남도 당진시 대덕동
44270108,충청남도 당진시 행정동
44270109,충청남도 당진시 용연동
44270110,충청남도 당진시 사기소동
44270111,충청남도 당진시 구룡동
44270250,충청남도 당진시 합덕읍
44270253,충청남도 당진시 송악읍
44270310,충청남도 당진시 고대면
44270320,충청남도 당진시 석문면
44270330,충청남도 당진시 대호지면
44270340,충청남도 당진시 정미면
44270350,충청남도 당진시 면천면
44270360,충청남도 당진시 순성면
44270370,충청남도 당진시 우강면
44270380,충청남도 당진시 신평면
44270390,충청남도 당진시 송산면
44710250,충청남도 금산군 금산읍
44710310,충청남도 금산군 금성면
44710320,충청남도 금산군 제원면
44710330,충청남도 금산군 부리면
44710340,충청남도 금산군 군북면
44710350,충청남도 금산군 남일면
44710360,충청남도 금산군 남이면
44710370,충청남도 금산군 진산면
44710380,충청남도 금산군 복수면
44710390,충청남도 금산군 추부면
44760250,충청남도 부여군 부여읍
44760310,충청남도 부여군 규암면
44760320,충청남도 부여군 은산면
44760330,충청남도 부여군 외산면
44760340,충청남도 부여군 내산면
44760350,충청남도 부여군 구룡면
44760360,충청남도 부여군 홍산면
44760370,충청남도 부여군 옥산면
44760380,충청남도 부여군 남면
44760390,충청남도 부여군 충화면
44760400,충청남도 부여군 양화면
44760410,충청남도 부여군 임천면
44760420,충청남도 부여군 장암면
44760430,충청남도 부여군 세도면
44760440,충청남도 부여군 석성면
44760450,충청남도 부여군 초촌면
44770250,충청남도 서천군 장항읍
44770253,충청남도 서천군 서천읍
44770310,충청남도 서천군 마서면
44770320,충청남도 서천군 화양면
44770330,충청남도 서천군 기산면
44770340,충청남도 서천군 한산면
44770350,충청남도 서천군 마산면
44770360,충청남도 서천군 시초면
44770370,충청남도 서천군 문산면
44770380,충청남도 서천군 판교면
44770390,충청남도 서천군 종천면
44770400,충청남도 서천군 비인면
44770410,충청남도 서천군 서면
44790250,충청남도 청양군 청양읍
44790310,충청남도 청양군 운곡면
44790320,충청남도 청양군 대치면
44790330,충청남도 청양군 정산면
44790340,충청남도 청양군 목면
44790350,충청남도 청양군 청남면
44790360,충청남도 청양군 장평면
44790370,충청남도 청양군 남양면
44790380,충청남도 청양군 화성면
44790390,충청남도 청양군 비봉면
44800250,충청남도 홍성군 홍성읍
44800253,충청남도 홍성군 광천읍
44800256,충청남도 홍성군 홍북읍
44800320,충청남도 홍성군 금마면
44800330,충청남도 홍성군 홍동면
44800340,충청남도 홍성군 장곡면
44800350,충청남도 홍성군 은하면
44800360,충청남도 홍성군 결성면
44800370,충청남도 홍성군 서부면
44800380,충청남도 홍성군 갈산면
44800390,충청남도 홍성군 구항면
44810250,충청남도 예산군 예산읍
44810253,충청남도 예산군 삽교읍
44810310,충청남도 예산군 대술면
44810320,충청남도 예산군 신양면
44810330,충청남도 예산군 광시면
44810340,충청남도 예산군 대흥면
44810350,충청남도 예산군 응봉면
44810360,충청남도 예산군 덕산면
44810370,충청남도 예산군 봉산면
44810380,충청남도 예산군 고덕면
44810390,충청남도 예산군 신암면
44810400,충청남도 예산군 오가면
44825250,충청남도 태안군 태안읍
44825253,충청남도 태안군 안면읍
44825310,충청남도 태안군 고남면
44825320,충청남도 태안군 남면
44825330,충청남도 태안군 근흥면
44825340,충청남도 태안군 소원면
44825350,충청남도 태안군 원북면
44825360,충청남도 태안군 이원면
45111000,전라북도 전주시 완산구
45113000,전라북도 전주시 덕진구
45130101,전라북도 군산시 해망동
45130102,전라북도 군산시 신흥동
45130103,전라북도 군산시 금동
45130104,전라북도 군산시 월명동
45130105,전라북도 군산시 신창동
45130106,전라북도 군산시 오룡동
45130107,전라북도 군산시 금광동
45130108,전라북도 군산시 신풍동
45130109,전라북도 군산시 송풍동
45130110,전라북도 군산시 문화동
45130111,전라북도 군산시 삼학동
45130112,전라북도 군산시 선양동
45130113,전라북도 군산시 둔율동
45130114,전라북도 군산시 창성동
45130115,전라북도 군산시 명산동
45130116,전라북도 군산시 송창동
45130117,전라북도 군산시 개복동
45130118,전라북도 군산시 중앙로1가
45130119,전라북도 군산시 영화동
45130120,전라북도 군산시 장미동
45130121,전라북도 군산시 중앙로2가
45130122,전라북도 군산시 영동
45130123,전라북도 군산시 신영동
45130124,전라북도 군산시 죽성동
45130125,전라북도 군산시 평화동
45130126,전라북도 군산시 중앙로3가
45130127,전라북도 군산시 대명동
45130128,전라북도 군산시 장재동
45130129,전라북도 군산시 미원동
45130130,전라북도 군산시 중동
45130131,전라북도 군산시 금암동
45130132,전라북도 군산시 동흥남동
45130133,전라북도 군산시 서흥남동
45130134,전라북도 군산시 조촌동
45130135,전라북도 군산시 경장동
45130136,전라북도 군산시 경암동
45130137,전라북도 군산시 구암동
45130138,전라북도 군산시 내흥동
45130139,전라북도 군산시 개정동
45130140,전라북도 군산시 사정동
45130141,전라북도 군산시 수송동
45130142,전라북도 군산시 미장동
45130143,전라북도 군산시 지곡동
45130144,전라북도 군산시 나운동
45130145,전라북도 군산시 미룡동
45130146,전라북도 군산시 소룡동
45130147,전라북도 군산시 오식도동
45130148,전라북도 군산시 비응도동
45130149,전라북도 군산시 신관동
45130150,전라북도 군산시 개사동
45130151,전라북도 군산시 산북동
45130152,전라북도 군산시 내초동
45130250,전라북도 군산시 옥구읍
45130310,전라북도 군산시 옥산면
45130320,전라북도 군산시 회현면
45130330,전라북도 군산시 임피면
45130340,전라북도 군산시 서수면
45130350,전라북도 군산시 대야면
45130360,전라북도 군산시 개정면
45130370,전라북도 군산시 성산면
45130380,전라북도 군산시 나포면
45130390,전라북도 군산시 옥도면
45130400,전라북도 군산시 옥서면
45140101,전라북도 익산시 창인동1가
45140102,전라북도 익산시 창인동2가
45140103,전라북도 익산시 중앙동1가
45140104,전라북도 익산시 중앙동2가
45140105,전라북도 익산시 중앙동3가
45140106,전라북도 익산시 평화동
45140107,전라북도 익산시 갈산동
45140108,전라북도 익산시 주현동
45140109,전라북도 익산시 인화동1가
45140110,전라북도 익산시 인화동2가
45140111,전라북도 익산시 동산동
45140112,전라북도 익산시 마동
45140113,전라북도 익산시 남중동
45140114,전라북도 익산시 모현동1가
45140115,전라북도 익산시 모현동2가
45140116,전라북도 익산시 송학동
45140117,전라북도 익산시 목천동
45140118,전라북도 익산시 만석동
45140119,전라북도 익산시 현영동
45140120,전라북도 익산시 신용동
45140121,전라북도 익산시 신동
45140122,전라북도 익산시 영등동
45140123,전라북도 익산시 어양동
45140124,전라북도 익산시 신흥동
45140125,전라북도 익산시 금강동
45140126,전라북도 익산시 석탄동
45140127,전라북도 익산시 팔봉동
45140128,전라북도 익산시 덕기동
45140129,전라북도 익산시 석왕동
45140130,전라북도 익산시 은기동
45140131,전라북도 익산시 정족동
45140132,전라북도 익산시 임상동
45140133,전라북도 익산시 월성동
45140134,전라북도 익산시 부송동
45140135,전라북도 익산시 용제동
45140136,전라북도 익산시 석암동
45140250,전라북도 익산시 함열읍
45140310,전라북도 익산시 오산면
45140320,전라북도 익산시 황등면
45140330,전라북도 익산시 함라면
45140340,전라북도 익산시 웅포면
45140350,전라북도 익산시 성당면
45140360,전라북도 익산시 용안면
45140370,전라북도 익산시 낭산면
45140380,전라북도 익산시 망성면
45140390,전라북도 익산시 여산면
45140400,전라북도 익산시 금마면
45140410,전라북도 익산시 왕궁면
45140420,전라북도 익산시 춘포면
45140430,전라북도 익산시 삼기면
45140440,전라북도 익산시 용동면
45180101,전라북도 정읍시 수성동
45180102,전라북도 정읍시 장명동
45180103,전라북도 정읍시 상동
45180104,전라북도 정읍시 시기동
45180105,전라북도 정읍시 연지동
45180106,전라북도 정읍시 농소동
45180107,전라북도 정읍시 하모동
45180108,전라북도 정읍시 상평동
45180109,전라북도 정읍시 과교동
45180110,전라북도 정읍시 삼산동
45180111,전라북도 정읍시 진산동
45180112,전라북도 정읍시 금붕동
45180113,전라북도 정읍시 송산동
45180114,전라북도 정읍시 신월동
45180115,전라북도 정읍시 용산동
45180116,전라북도 정읍시 교암동
45180117,전라북도 정읍시 부전동
45180118,전라북도 정읍시 쌍암동
45180119,전라북도 정읍시 내장동
45180120,전라북도 정읍시 영파동
45180121,전라북도 정읍시 하북동
45180122,전라북도 정읍시 구룡동
45180123,전라북도 정읍시 흑암동
45180124,전라북도 정읍시 용계동
45180125,전라북도 정읍시 공평동
45180126,전라북도 정읍시 망제동
45180127,전라북도 정읍시 신정동
45180250,전라북도 정읍시 신태인읍
45180310,전라북도 정읍시 북면
45180320,전라북도 정읍시 입암면
45180330,전라북도 정읍시 소성면
45180340,전라북도 정읍시 고부면
45180350,전라북도 정읍시 영원면
45180360,전라북도 정읍시 덕천면
45180370,전라북도 정읍시 이평면
45180380,전라북도 정읍시 정우면
45180390,전라북도 정읍시 태인면
45180400,전라북도 정읍시 감곡면
45180410,전라북도 정읍시 옹동면
45180420,전라북도 정읍시 칠보면
45180430,전라북도 정읍시 산내면
45180440,전라북도 정읍시 산외면
45190101,전라북도 남원시 동충동
45190102,전라북도 남원시 하정동
45190103,전라북도 남원시 죽항동
45190104,전라북도 남원시 쌍교동
45190105,전라북도 남원시 천거동
45190106,전라북도 남원시 금동
45190107,전라북도 남원시 조산동
45190108,전라북도 남원시 왕정동
45190109,전라북도 남원시 신정동
45190110,전라북도 남원시 화정동
45190111,전라북도 남원시 향교동
45190112,전라북도 남원시 용정동
45190113,전라북도 남원시 광치동
45190114,전라북도 남원시 내척동
45190115,전라북도 남원시 산곡동
45190116,전라북도 남원시 도통동
45190117,전라북도 남원시 월락동
45190118,전라북도 남원시 고죽동
45190119,전라북도 남원시 식정동
45190120,전라북도 남원시 갈치동
45190121,전라북도 남원시 노암동
45190122,전라북도 남원시 어현동
45190123,전라북도 남원시 신촌동
45190250,전라북도 남원시 운봉읍
45190310,전라북도 남원시 주천면
45190320,전라북도 남원시 수지면
45190330,전라북도 남원시 송동면
45190340,전라북도 남원시 주생면
45190350,전라북도 남원시 금지면
45190360,전라북도 남원시 대강면
45190370,전라북도 남원시 대산면
45190380,전라북도 남원시 사매면
45190390,전라북도 남원시 덕과면
45190400,전라북도 남원시 보절면
45190410,전라북도 남원시 산동면
45190420,전라북도 남원시 이백면
45190450,전라북도 남원시 아영면
45190460,전라북도 남원시 산내면
45190470,전라북도 남원시 인월면
45210101,전라북도 김제시 요촌동
45210102,전라북도 김제시 신풍동
45210103,전라북도 김제시 용동
45210104,전라북도 김제시 검산동
45210105,전라북도 김제시 순동
45210106,전라북도 김제시 백학동
45210107,전라북도 김제시 서암동
45210108,전라북도 김제시 신곡동
45210109,전라북도 김제시 교동
45210110,전라북도 김제시 옥산동
45210111,전라북도 김제시 갈공동
45210112,전라북도 김제시 하동
45210113,전라북도 김제시 흥사동
45210114,전라북도 김제시 상동동
45210115,전라북도 김제시 월성동
45210116,전라북도 김제시 황산동
45210117,전라북도 김제시 난봉동
45210118,전라북도 김제시 오정동
45210119,전라북도 김제시 복죽동
45210120,전라북도 김제시 입석동
45210121,전라북도 김제시 장화동
45210122,전라북도 김제시 신덕동
45210123,전라북도 김제시 월봉동
45210124,전라북도 김제시 신월동
45210125,전라북도 김제시 연정동
45210126,전라북도 김제시 명덕동
45210127,전라북도 김제시 제월동
45210128,전라북도 김제시 도장동
45210129,전라북도 김제시 서정동
45210130,전라북도 김제시 양전동
45210250,전라북도 김제시 만경읍
45210320,전라북도 김제시 죽산면
45210330,전라북도 김제시 백산면
45210340,전라북도 김제시 용지면
45210350,전라북도 김제시 백구면
45210360,전라북도 김제시 부량면
45210380,전라북도 김제시 공덕면
45210390,전라북도 김제시 청하면
45210400,전라북도 김제시 성덕면
45210410,전라북도 김제시 진봉면
45210420,전라북도 김제시 금구면
45210430,전라북도 김제시 봉남면
45210440,전라북도 김제시 황산면
45210450,전라북도 김제시 금산면
45210460,전라북도 김제시 광활면
45710250,전라북도 완주군 삼례읍
45710253,전라북도 완주군 봉동읍
45710256,전라북도 완주군 용진읍
45710320,전라북도 완주군 상관면
45710330,전라북도 완주군 이서면
45710340,전라북도 완주군 소양면
45710350,전라북도 완주군 구이면
45710360,전라북도 완주군 고산면
45710370,전라북도 완주군 비봉면
45710380,전라북도 완주군 운주면
45710390,전라북도 완주군 화산면
45710400,전라북도 완주군 동상면
45710410,전라북도 완주군 경천면
45720250,전라북도 진안군 진안읍
45720310,전라북도 진안군 용담면
45720320,전라북도 진안군 안천면
45720330,전라북도 진안군 동향면
45720340,전라북도 진안군 상전면
45720350,전라북도 진안군 백운면
45720360,전라북도 진안군 성수면
45720370,전라북도 진안군 마령면
45720380,전라북도 진안군 부귀면
45720390,전라북도 진안군 정천면
45720400,전라북도 진안군 주천면
45730250,전라북도 무주군 무주읍
45730310,전라북도 무주군 무풍면
45730320,전라북도 무주군 설천면
45730330,전라북도 무주군 적상면
45730340,전라북도 무주군 안성면
45730350,전라북도 무주군 부남면
45740250,전라북도 장수군 장수읍
45740310,전라북도 장수군 산서면
45740320,전라북도 장수군 번암면
45740335,전라북도 장수군 장계면
45740340,전라북도 장수군 천천면
45740350,전라북도 장수군 계남면
45740360,전라북도 장수군 계북면
45750250,전라북도 임실군 임실읍
45750310,전라북도 임실군 청웅면
45750320,전라북도 임실군 운암면
45750330,전라북도 임실군 신평면
45750340,전라북도 임실군 성수면
45750355,전라북도 임실군 오수면
45750360,전라북도 임실군 신덕면
45750370,전라북도 임실군 삼계면
45750380,전라북도 임실군 관촌면
45750390,전라북도 임실군 강진면
45750400,전라북도 임실군 덕치면
45750410,전라북도 임실군 지사면
45770250,전라북도 순창군 순창읍
45770310,전라북도 순창군 인계면
45770320,전라북도 순창군 동계면
45770330,전라북도 순창군 풍산면
45770340,전라북도 순창군 금과면
45770350,전라북도 순창군 팔덕면
45770360,전라북도 순창군 쌍치면
45770370,전라북도 순창군 복흥면
45770380,전라북도 순창군 적성면
45770390,전라북도 순창군 유등면
45770400,전라북도 순창군 구림면
45790250,전라북도 고창군 고창읍
45790310,전라북도 고창군 고수면
45790320,전라북도 고창군 아산면
45790330,전라북도 고창군 무장면
45790340,전라북도 고창군 공음면
45790350,전라북도 고창군 상하면
45790360,전라북도 고창군 해리면
45790370,전라북도 고창군 성송면
45790380,전라북도 고창군 대산면
45790390,전라북도 고창군 심원면
45790400,전라북도 고창군 흥덕면
45790410,전라북도 고창군 성내면
45790420,전라북도 고창군 신림면
45790430,전라북도 고창군 부안면
45800250,전라북도 부안군 부안읍
45800310,전라북도 부안군 주산면
45800320,전라북도 부안군 동진면
45800330,전라북도 부안군 행안면
45800340,전라북도 부안군 계화면
45800350,전라북도 부안군 보안면
45800360,전라북도 부안군 변산면
45800370,전라북도 부안군 진서면
45800380,전라북도 부안군 백산면
45800390,전라북도 부안군 상서면
45800400,전라북도 부안군 하서면
45800410,전라북도 부안군 줄포면
45800420,전라북도 부안군 위도면
46110101,전라남도 목포시 용당동
46110102,전라남도 목포시 산정동
46110103,전라남도 목포시 연산동
46110104,전라남도 목포시 대성동
46110105,전라남도 목포시 양동
46110106,전라남도 목포시 북교동
46110107,전라남도 목포시 남교동
46110108,전라남도 목포시 호남동
46110109,전라남도 목포시 대안동
46110110,전라남도 목포시 창평동
46110111,전라남도 목포시 명륜동
46110112,전라남도 목포시 죽동
46110113,전라남도 목포시 무안동
46110114,전라남도 목포시 측후동
46110115,전라남도 목포시 상락동1가
46110116,전라남도 목포시 상락동2가
46110117,전라남도 목포시 복만동
46110118,전라남도 목포시 동명동
46110119,전라남도 목포시 광동1가
46110120,전라남도 목포시 광동2가
46110121,전라남도 목포시 광동3가
46110122,전라남도 목포시 영해동1가
46110123,전라남도 목포시 영해동2가
46110124,전라남도 목포시 행복동1가
46110125,전라남도 목포시 행복동2가
46110126,전라남도 목포시 축복동1가
46110127,전라남도 목포시 축복동2가
46110128,전라남도 목포시 축복동3가
46110129,전라남도 목포시 보광동1가
46110130,전라남도 목포시 보광동2가
46110131,전라남도 목포시 보광동3가
46110132,전라남도 목포시 유달동
46110133,전라남도 목포시 대의동1가
46110134,전라남도 목포시 대의동2가
46110135,전라남도 목포시 대의동3가
46110136,전라남도 목포시 중앙동1가
46110137,전라남도 목포시 중앙동2가
46110138,전라남도 목포시 중앙동3가
46110139,전라남도 목포시 만호동
46110140,전라남도 목포시 수강동1가
46110141,전라남도 목포시 수강동2가
46110142,전라남도 목포시 해안동1가
46110143,전라남도 목포시 해안동2가
46110144,전라남도 목포시 해안동3가
46110145,전라남도 목포시 해안동4가
46110146,전라남도 목포시 항동
46110147,전라남도 목포시 중동1가
46110148,전라남도 목포시 중동2가
46110149,전라남도 목포시 유동
46110150,전라남도 목포시 금동1가
46110151,전라남도 목포시 금동2가
46110152,전라남도 목포시 경동1가
46110153,전라남도 목포시 경동2가
46110154,전라남도 목포시 서산동
46110155,전라남도 목포시 금화동
46110156,전라남도 목포시 온금동
46110157,전라남도 목포시 죽교동
46110158,전라남도 목포시 상동
46110159,전라남도 목포시 용해동
46110160,전라남도 목포시 석현동
46110161,전라남도 목포시 달동
46110162,전라남도 목포시 율도동
46110163,전라남도 목포시 대양동
46110164,전라남도 목포시 옥암동
46130101,전라남도 여수시 종화동
46130102,전라남도 여수시 수정동
46130103,전라남도 여수시 공화동
46130104,전라남도 여수시 관문동
46130105,전라남도 여수시 고소동
46130106,전라남도 여수시 동산동
46130107,전라남도 여수시 중앙동
46130108,전라남도 여수시 교동
46130109,전라남도 여수시 군자동
46130110,전라남도 여수시 충무동
46130111,전라남도 여수시 연등동
46130112,전라남도 여수시 광무동
46130113,전라남도 여수시 서교동
46130114,전라남도 여수시 봉강동
46130115,전라남도 여수시 봉산동
46130116,전라남도 여수시 남산동
46130117,전라남도 여수시 국동
46130118,전라남도 여수시 신월동
46130119,전라남도 여수시 여서동
46130120,전라남도 여수시 문수동
46130121,전라남도 여수시 오림동
46130122,전라남도 여수시 미평동
46130123,전라남도 여수시 둔덕동
46130124,전라남도 여수시 오천동
46130125,전라남도 여수시 만흥동
46130126,전라남도 여수시 덕충동
46130127,전라남도 여수시 경호동
46130128,전라남도 여수시 학동
46130129,전라남도 여수시 학용동
46130130,전라남도 여수시 안산동
46130131,전라남도 여수시 소호동
46130132,전라남도 여수시 시전동
46130133,전라남도 여수시 신기동
46130134,전라남도 여수시 웅천동
46130135,전라남도 여수시 선원동
46130136,전라남도 여수시 여천동
46130137,전라남도 여수시 화장동
46130138,전라남도 여수시 주삼동
46130139,전라남도 여수시 봉계동
46130140,전라남도 여수시 해산동
46130141,전라남도 여수시 화치동
46130142,전라남도 여수시 월하동
46130143,전라남도 여수시 평여동
46130144,전라남도 여수시 중흥동
46130145,전라남도 여수시 적량동
46130146,전라남도 여수시 월내동
46130147,전라남도 여수시 묘도동
46130148,전라남도 여수시 낙포동
46130149,전라남도 여수시 신덕동
46130150,전라남도 여수시 상암동
46130151,전라남도 여수시 호명동
46130250,전라남도 여수시 돌산읍
46130310,전라남도 여수시 소라면
46130320,전라남도 여수시 율촌면
46130330,전라남도 여수시 화양면
46130340,전라남도 여수시 남면
46130350,전라남도 여수시 화정면
46130360,전라남도 여수시 삼산면
46150101,전라남도 순천시 삼거동
46150102,전라남도 순천시 와룡동
46150103,전라남도 순천시 영동
46150104,전라남도 순천시 옥천동
46150105,전라남도 순천시 행동
46150106,전라남도 순천시 금곡동
46150107,전라남도 순천시 매곡동
46150108,전라남도 순천시 석현동
46150109,전라남도 순천시 가곡동
46150110,전라남도 순천시 용당동
46150111,전라남도 순천시 조곡동
46150112,전라남도 순천시 생목동
46150113,전라남도 순천시 덕암동
46150114,전라남도 순천시 연향동
46150115,전라남도 순천시 풍덕동
46150116,전라남도 순천시 남정동
46150117,전라남도 순천시 인제동
46150118,전라남도 순천시 저전동
46150119,전라남도 순천시 장천동
46150120,전라남도 순천시 남내동
46150121,전라남도 순천시 중앙동
46150122,전라남도 순천시 동외동
46150123,전라남도 순천시 교량동
46150124,전라남도 순천시 대룡동
46150125,전라남도 순천시 홍내동
46150126,전라남도 순천시 오천동
46150127,전라남도 순천시 덕월동
46150128,전라남도 순천시 야흥동
46150129,전라남도 순천시 인월동
46150130,전라남도 순천시 안풍동
46150131,전라남도 순천시 대대동
46150132,전라남도 순천시 왕지동
46150133,전라남도 순천시 조례동
46150250,전라남도 순천시 승주읍
46150310,전라남도 순천시 해룡면
46150320,전라남도 순천시 서면
46150330,전라남도 순천시 황전면
46150340,전라남도 순천시 월등면
46150350,전라남도 순천시 주암면
46150360,전라남도 순천시 송광면
46150370,전라남도 순천시 외서면
46150380,전라남도 순천시 낙안면
46150390,전라남도 순천시 별량면
46150400,전라남도 순천시 상사면
46170101,전라남도 나주시 토계동
46170102,전라남도 나주시 송월동
46170103,전라남도 나주시 안창동
46170104,전라남도 나주시 삼영동
46170105,전라남도 나주시 교동
46170106,전라남도 나주시 서내동
46170107,전라남도 나주시 산정동
46170108,전라남도 나주시 경현동
46170109,전라남도 나주시 보산동
46170110,전라남도 나주시 금계동
46170111,전라남도 나주시 금성동
46170112,전라남도 나주시 남내동
46170113,전라남도 나주시 과원동
46170114,전라남도 나주시 성북동
46170115,전라남도 나주시 중앙동
46170116,전라남도 나주시 대호동
46170117,전라남도 나주시 송촌동
46170118,전라남도 나주시 석현동
46170119,전라남도 나주시 청동
46170120,전라남도 나주시 남외동
46170121,전라남도 나주시 죽림동
46170122,전라남도 나주시 삼도동
46170123,전라남도 나주시 영산동
46170124,전라남도 나주시 용산동
46170125,전라남도 나주시 관정동
46170126,전라남도 나주시 평산동
46170127,전라남도 나주시 부덕동
46170128,전라남도 나주시 이창동
46170129,전라남도 나주시 대기동
46170130,전라남도 나주시 운곡동
46170131,전라남도 나주시 동수동
46170132,전라남도 나주시 오량동
46170133,전라남도 나주시 진포동
46170134,전라남도 나주시 빛가람동
46170250,전라남도 나주시 남평읍
46170310,전라남도 나주시 세지면
46170320,전라남도 나주시 왕곡면
46170330,전라남도 나주시 반남면
46170340,전라남도 나주시 공산면
46170350,전라남도 나주시 동강면
46170360,전라남도 나주시 다시면
46170370,전라남도 나주시 문평면
46170380,전라남도 나주시 노안면
46170390,전라남도 나주시 금천면
46170400,전라남도 나주시 산포면
46170420,전라남도 나주시 다도면
46170430,전라남도 나주시 봉황면
46230101,전라남도 광양시 황금동
46230102,전라남도 광양시 황길동
46230103,전라남도 광양시 도이동
46230104,전라남도 광양시 성황동
46230105,전라남도 광양시 중군동
46230106,전라남도 광양시 중동
46230107,전라남도 광양시 마동
46230108,전라남도 광양시 광영동
46230109,전라남도 광양시 태인동
46230110,전라남도 광양시 금호동
46230250,전라남도 광양시 광양읍
46230310,전라남도 광양시 봉강면
46230320,전라남도 광양시 옥룡면
46230330,전라남도 광양시 옥곡면
46230340,전라남도 광양시 진상면
46230350,전라남도 광양시 진월면
46230360,전라남도 광양시 다압면
46710250,전라남도 담양군 담양읍
46710310,전라남도 담양군 봉산면
46710320,전라남도 담양군 고서면
46710330,전라남도 담양군 남면
46710340,전라남도 담양군 창평면
46710350,전라남도 담양군 대덕면
46710360,전라남도 담양군 무정면
46710370,전라남도 담양군 금성면
46710380,전라남도 담양군 용면
46710390,전라남도 담양군 월산면
46710400,전라남도 담양군 수북면
46710410,전라남도 담양군 대전면
46720250,전라남도 곡성군 곡성읍
46720310,전라남도 곡성군 오곡면
46720320,전라남도 곡성군 삼기면
46720330,전라남도 곡성군 석곡면
46720340,전라남도 곡성군 목사동면
46720350,전라남도 곡성군 죽곡면
46720360,전라남도 곡성군 고달면
46720370,전라남도 곡성군 옥과면
46720380,전라남도 곡성군 입면
46720390,전라남도 곡성군 겸면
46720400,전라남도 곡성군 오산면
46730250,전라남도 구례군 구례읍
46730310,전라남도 구례군 문척면
46730320,전라남도 구례군 간전면
46730330,전라남도 구례군 토지면
46730340,전라남도 구례군 마산면
46730350,전라남도 구례군 광의면
46730360,전라남도 구례군 용방면
46730370,전라남도 구례군 산동면
46770250,전라남도 고흥군 고흥읍
46770253,전라남도 고흥군 도양읍
46770310,전라남도 고흥군 풍양면
46770320,전라남도 고흥군 도덕면
46770330,전라남도 고흥군 금산면
46770340,전라남도 고흥군 도화면
46770350,전라남도 고흥군 포두면
46770360,전라남도 고흥군 봉래면
46770370,전라남도 고흥군 점암면
46770380,전라남도 고흥군 과역면
46770390,전라남도 고흥군 남양면
46770400,전라남도 고흥군 동강면
46770410,전라남도 고흥군 대서면
46770420,전라남도 고흥군 두원면
46770440,전라남도 고흥군 영남면
46770450,전라남도 고흥군 동일면
46780250,전라남도 보성군 보성읍
46780253,전라남도 보성군 벌교읍
46780310,전라남도 보성군 노동면
46780320,전라남도 보성군 미력면
46780330,전라남도 보성군 겸백면
46780340,전라남도 보성군 율어면
46780350,전라남도 보성군 복내면
46780360,전라남도 보성군 문덕면
46780370,전라남도 보성군 조성면
46780380,전라남도 보성군 득량면
46780390,전라남도 보성군 회천면
46780400,전라남도 보성군 웅치면
46790250,전라남도 화순군 화순읍
46790310,전라남도 화순군 한천면
46790320,전라남도 화순군 춘양면
46790330,전라남도 화순군 청풍면
46790340,전라남도 화순군 이양면
46790350,전라남도 화순군 능주면
46790360,전라남도 화순군 도곡면
46790370,전라남도 화순군 도암면
46790380,전라남도 화순군 이서면
46790390,전라남도 화순군 북면
46790400,전라남도 화순군 동복면
46790410,전라남도 화순군 남면
46790420,전라남도 화순군 동면
46800250,전라남도 장흥군 장흥읍
46800253,전라남도 장흥군 관산읍
46800256,전라남도 장흥군 대덕읍
46800310,전라남도 장흥군 용산면
46800320,전라남도 장흥군 안양면
46800330,전라남도 장흥군 장동면
46800340,전라남도 장흥군 장평면
46800350,전라남도 장흥군 유치면
46800360,전라남도 장흥군 부산면
46800370,전라남도 장흥군 회진면
46810250,전라남도 강진군 강진읍
46810310,전라남도 강진군 군동면
46810320,전라남도 강진군 칠량면
46810330,전라남도 강진군 대구면
46810340,전라남도 강진군 도암면
46810350,전라남도 강진군 신전면
46810360,전라남도 강진군 성전면
46810370,전라남도 강진군 작천면
46810380,전라남도 강진군 병영면
46810390,전라남도 강진군 옴천면
46810400,전라남도 강진군 마량면
46820250,전라남도 해남군 해남읍
46820310,전라남도 해남군 삼산면
46820320,전라남도 해남군 화산면
46820330,전라남도 해남군 현산면
46820340,전라남도 해남군 송지면
46820350,전라남도 해남군 북평면
46820360,전라남도 해남군 북일면
46820370,전라남도 해남군 옥천면
46820380,전라남도 해남군 계곡면
46820390,전라남도 해남군 마산면
46820400,전라남도 해남군 황산면
46820410,전라남도 해남군 산이면
46820420,전라남도 해남군 문내면
46820430,전라남도 해남군 화원면
46830250,전라남도 영암군 영암읍
46830253,전라남도 영암군 삼호읍
46830310,전라남도 영암군 덕진면
46830320,전라남도 영암군 금정면
46830330,전라남도 영암군 신북면
46830340,전라남도 영암군 시종면
46830350,전라남도 영암군 도포면
46830360,전라남도 영암군 군서면
46830370,전라남도 영암군 서호면
46830380,전라남도 영암군 학산면
46830390,전라남도 영암군 미암면
46840250,전라남도 무안군 무안읍
46840253,전라남도 무안군 일로읍
46840256,전라남도 무안군 삼향읍
46840320,전라남도 무안군 몽탄면
46840330,전라남도 무안군 청계면
46840340,전라남도 무안군 현경면
46840350,전라남도 무안군 망운면
46840360,전라남도 무안군 해제면
46840370,전라남도 무안군 운남면
46860250,전라남도 함평군 함평읍
46860310,전라남도 함평군 손불면
46860320,전라남도 함평군 신광면
46860330,전라남도 함평군 학교면
46860340,전라남도 함평군 엄다면
46860350,전라남도 함평군 대동면
46860360,전라남도 함평군 나산면
46860370,전라남도 함평군 해보면
46860380,전라남도 함평군 월야면
46870250,전라남도 영광군 영광읍
46870253,전라남도 영광군 백수읍
46870256,전라남도 영광군 홍농읍
46870310,전라남도 영광군 대마면
46870320,전라남도 영광군 묘량면
46870330,전라남도 영광군 불갑면
46870340,전라남도 영광군 군서면
46870350,전라남도 영광군 군남면
46870360,전라남도 영광군 염산면
46870370,전라남도 영광군 법성면
46870380,전라남도 영광군 낙월면
46880250,전라남도 장성군 장성읍
46880310,전라남도 장성군 진원면
46880320,전라남도 장성군 남면
46880330,전라남도 장성군 동화면
46880340,전라남도 장성군 삼서면
46880350,전라남도 장성군 삼계면
46880360,전라남도 장성군 황룡면
46880370,전라남도 장성군 서삼면
46880380,전라남도 장성군 북일면
46880390,전라남도 장성군 북이면
46880400,전라남도 장성군 북하면
46890250,전라남도 완도군 완도읍
46890253,전라남도 완도군 금일읍
46890256,전라남도 완도군 노화읍
46890310,전라남도 완도군 군외면
46890320,전라남도 완도군 신지면
46890330,전라남도 완도군 고금면
46890340,전라남도 완도군 약산면
46890350,전라남도 완도군 청산면
46890360,전라남도 완도군 소안면
46890370,전라남도 완도군 금당면
46890380,전라남도 완도군 보길면
46890390,전라남도 완도군 생일면
46900250,전라남도 진도군 진도읍
46900310,전라남도 진도군 군내면
46900320,전라남도 진도군 고군면
46900330,전라남도 진도군 의신면
46900340,전라남도 진도군 임회면
46900350,전라남도 진도군 지산면
46900360,전라남도 진도군 조도면
46910250,전라남도 신안군 지도읍
46910253,전라남도 신안군 압해읍
46910310,전라남도 신안군 증도면
46910320,전라남도 신안군 임자면
46910330,전라남도 신안군 자은면
46910340,전라남도 신안군 비금면
46910350,전라남도 신안군 도초면
46910360,전라남도 신안군 흑산면
46910370,전라남도 신안군 하의면
46910380,전라남도 신안군 신의면
46910390,전라남도 신안군 장산면
46910400,전라남도 신안군 안좌면
46910410,전라남도 신안군 팔금면
46910420,전라남도 신안군 암태면
47111000,경상북도 포항시 남구
47113000,경상북도 포항시 북구
47130101,경상북도 경주시 동부동
47130102,경상북도 경주시 서부동
47130103,경상북도 경주시 북부동
47130104,경상북도 경주시 성동동
47130105,경상북도 경주시 황오동
47130106,경상북도 경주시 노동동
47130107,경상북도 경주시 노서동
47130108,경상북도 경주시 성건동
47130109,경상북도 경주시 사정동
47130110,경상북도 경주시 황남동
47130111,경상북도 경주시 교동
47130112,경상북도 경주시 인왕동
47130113,경상북도 경주시 탑동
47130114,경상북도 경주시 충효동
47130115,경상북도 경주시 서악동
47130116,경상북도 경주시 효현동
47130117,경상북도 경주시 광명동
47130118,경상북도 경주시 동방동
47130119,경상북도 경주시 도지동
47130120,경상북도 경주시 남산동
47130121,경상북도 경주시 배반동
47130122,경상북도 경주시 구황동
47130123,경상북도 경주시 보문동
47130124,경상북도 경주시 황성동
47130125,경상북도 경주시 용강동
47130126,경상북도 경주시 동천동
47130127,경상북도 경주시 평동
47130128,경상북도 경주시 조양동
47130129,경상북도 경주시 시동
47130130,경상북도 경주시 시래동
47130131,경상북도 경주시 구정동
47130132,경상북도 경주시 마동
47130133,경상북도 경주시 하동
47130134,경상북도 경주시 진현동
47130135,경상북도 경주시 천군동
47130136,경상북도 경주시 신평동
47130137,경상북도 경주시 덕동
47130138,경상북도 경주시 암곡동
47130139,경상북도 경주시 황용동
47130140,경상북도 경주시 북군동
47130141,경상북도 경주시 손곡동
47130142,경상북도 경주시 율동
47130143,경상북도 경주시 배동
47130144,경상북도 경주시 석장동
47130250,경상북도 경주시 감포읍
47130253,경상북도 경주시 안강읍
47130256,경상북도 경주시 건천읍
47130259,경상북도 경주시 외동읍
47130310,경상북도 경주시 양북면
47130320,경상북도 경주시 양남면
47130330,경상북도 경주시 내남면
47130340,경상북도 경주시 산내면
47130350,경상북도 경주시 서면
47130360,경상북도 경주시 현곡면
47130370,경상북도 경주시 강동면
47130380,경상북도 경주시 천북면
47150101,경상북도 김천시 감호동
47150102,경상북도 김천시 용두동
47150103,경상북도 김천시 모암동
47150104,경상북도 김천시 성내동
47150105,경상북도 김천시 평화동
47150106,경상북도 김천시 남산동
47150107,경상북도 김천시 황금동
47150108,경상북도 김천시 신음동
47150109,경상북도 김천시 교동
47150110,경상북도 김천시 삼락동
47150111,경상북도 김천시 문당동
47150112,경상북도 김천시 다수동
47150113,경상북도 김천시 백옥동
47150114,경상북도 김천시 부곡동
47150115,경상북도 김천시 지좌동
47150116,경상북도 김천시 덕곡동
47150117,경상북도 김천시 대광동
47150118,경상북도 김천시 응명동
47150119,경상북도 김천시 양천동
47150120,경상북도 김천시 율곡동
47150250,경상북도 김천시 아포읍
47150310,경상북도 김천시 농소면
47150320,경상북도 김천시 남면
47150340,경상북도 김천시 개령면
47150350,경상북도 김천시 감문면
47150360,경상북도 김천시 어모면
47150370,경상북도 김천시 봉산면
47150380,경상북도 김천시 대항면
47150390,경상북도 김천시 감천면
47150400,경상북도 김천시 조마면
47150410,경상북도 김천시 구성면
47150420,경상북도 김천시 지례면
47150430,경상북도 김천시 부항면
47150440,경상북도 김천시 대덕면
47150450,경상북도 김천시 증산면
47170101,경상북도 안동시 삼산동
47170102,경상북도 안동시 서부동
47170103,경상북도 안동시 북문동
47170104,경상북도 안동시 명륜동
47170105,경상북도 안동시 신안동
47170106,경상북도 안동시 율세동
47170107,경상북도 안동시 옥정동
47170108,경상북도 안동시 신세동
47170109,경상북도 안동시 법흥동
47170110,경상북도 안동시 용상동
47170111,경상북도 안동시 동문동
47170112,경상북도 안동시 동부동
47170113,경상북도 안동시 운흥동
47170114,경상북도 안동시 천리동
47170115,경상북도 안동시 남부동
47170116,경상북도 안동시 남문동
47170117,경상북도 안동시 안흥동
47170118,경상북도 안동시 대석동
47170119,경상북도 안동시 옥야동
47170120,경상북도 안동시 광석동
47170121,경상북도 안동시 당북동
47170122,경상북도 안동시 태화동
47170123,경상북도 안동시 화성동
47170124,경상북도 안동시 목성동
47170125,경상북도 안동시 법상동
47170126,경상북도 안동시 금곡동
47170127,경상북도 안동시 평화동
47170128,경상북도 안동시 안기동
47170129,경상북도 안동시 운안동
47170130,경상북도 안동시 성곡동
47170131,경상북도 안동시 상아동
47170132,경상북도 안동시 안막동
47170133,경상북도 안동시 옥동
47170134,경상북도 안동시 이천동
47170135,경상북도 안동시 노하동
47170136,경상북도 안동시 송현동
47170137,경상북도 안동시 송천동
47170138,경상북도 안동시 석동동
47170139,경상북도 안동시 정상동
47170140,경상북도 안동시 정하동
47170141,경상북도 안동시 수상동
47170142,경상북도 안동시 수하동
47170250,경상북도 안동시 풍산읍
47170310,경상북도 안동시 와룡면
47170320,경상북도 안동시 북후면
47170330,경상북도 안동시 서후면
47170340,경상북도 안동시 풍천면
47170350,경상북도 안동시 일직면
47170360,경상북도 안동시 남후면
47170370,경상북도 안동시 남선면
47170380,경상북도 안동시 임하면
47170390,경상북도 안동시 길안면
47170400,경상북도 안동시 임동면
47170410,경상북도 안동시 예안면
47170420,경상북도 안동시 도산면
47170430,경상북도 안동시 녹전면
47190101,경상북도 구미시 원평동
47190102,경상북도 구미시 지산동
47190103,경상북도 구미시 도량동
47190104,경상북도 구미시 봉곡동
47190105,경상북도 구미시 부곡동
47190106,경상북도 구미시 선기동
47190107,경상북도 구미시 수점동
47190108,경상북도 구미시 남통동
47190109,경상북도 구미시 형곡동
47190110,경상북도 구미시 송정동
47190111,경상북도 구미시 신평동
47190112,경상북도 구미시 비산동
47190113,경상북도 구미시 공단동
47190114,경상북도 구미시 광평동
47190115,경상북도 구미시 사곡동
47190116,경상북도 구미시 상모동
47190117,경상북도 구미시 임은동
47190118,경상북도 구미시 오태동
47190119,경상북도 구미시 신동
47190120,경상북도 구미시 구평동
47190121,경상북도 구미시 황상동
47190122,경상북도 구미시 인의동
47190123,경상북도 구미시 진평동
47190124,경상북도 구미시 시미동
47190125,경상북도 구미시 임수동
47190126,경상북도 구미시 양호동
47190127,경상북도 구미시 거의동
47190128,경상북도 구미시 옥계동
47190129,경상북도 구미시 구포동
47190130,경상북도 구미시 금전동
47190250,경상북도 구미시 선산읍
47190253,경상북도 구미시 고아읍
47190310,경상북도 구미시 무을면
47190320,경상북도 구미시 옥성면
47190330,경상북도 구미시 도개면
47190340,경상북도 구미시 해평면
47190350,경상북도 구미시 산동면
47190360,경상북도 구미시 장천면
47210101,경상북도 영주시 영주동
47210102,경상북도 영주시 상망동
47210103,경상북도 영주시 하망동
47210104,경상북도 영주시 휴천동
47210105,경상북도 영주시 가흥동
47210106,경상북도 영주시 문정동
47210107,경상북도 영주시 고현동
47210108,경상북도 영주시 창진동
47210109,경상북도 영주시 상줄동
47210110,경상북도 영주시 조와동
47210111,경상북도 영주시 조암동
47210112,경상북도 영주시 적서동
47210113,경상북도 영주시 아지동
47210250,경상북도 영주시 풍기읍
47210310,경상북도 영주시 이산면
47210320,경상북도 영주시 평은면
47210330,경상북도 영주시 문수면
47210340,경상북도 영주시 장수면
47210350,경상북도 영주시 안정면
47210360,경상북도 영주시 봉현면
47210370,경상북도 영주시 순흥면
47210380,경상북도 영주시 단산면
47210390,경상북도 영주시 부석면
47230101,경상북도 영천시 조교동
47230102,경상북도 영천시 망정동
47230103,경상북도 영천시 야사동
47230104,경상북도 영천시 문내동
47230105,경상북도 영천시 문외동
47230106,경상북도 영천시 창구동
47230107,경상북도 영천시 교촌동
47230108,경상북도 영천시 과전동
47230109,경상북도 영천시 성내동
47230110,경상북도 영천시 화룡동
47230111,경상북도 영천시 도동
47230112,경상북도 영천시 금노동
47230113,경상북도 영천시 완산동
47230114,경상북도 영천시 범어동
47230115,경상북도 영천시 작산동
47230116,경상북도 영천시 봉동
47230117,경상북도 영천시 본촌동
47230118,경상북도 영천시 채신동
47230119,경상북도 영천시 괴연동
47230120,경상북도 영천시 대전동
47230121,경상북도 영천시 녹전동
47230122,경상북도 영천시 도림동
47230123,경상북도 영천시 오미동
47230124,경상북도 영천시 오수동
47230125,경상북도 영천시 쌍계동
47230126,경상북도 영천시 도남동
47230127,경상북도 영천시 매산동
47230128,경상북도 영천시 언하동
47230129,경상북도 영천시 신기동
47230130,경상북도 영천시 서산동
47230250,경상북도 영천시 금호읍
47230310,경상북도 영천시 청통면
47230320,경상북도 영천시 신녕면
47230330,경상북도 영천시 화산면
47230340,경상북도 영천시 화북면
47230350,경상북도 영천시 화남면
47230360,경상북도 영천시 자양면
47230370,경상북도 영천시 임고면
47230380,경상북도 영천시 고경면
47230390,경상북도 영천시 북안면
47230400,경상북도 영천시 대창면
47250101,경상북도 상주시 성하동
47250102,경상북도 상주시 성동동
47250103,경상북도 상주시 인봉동
47250104,경상북도 상주시 복룡동
47250105,경상북도 상주시 냉림동
47250106,경상북도 상주시 서성동
47250107,경상북도 상주시 남성동
47250108,경상북도 상주시 서문동
47250109,경상북도 상주시 무양동
47250110,경상북도 상주시 낙양동
47250111,경상북도 상주시 개운동
47250112,경상북도 상주시 신봉동
47250113,경상북도 상주시 가장동
47250114,경상북도 상주시 양촌동
47250115,경상북도 상주시 지천동
47250116,경상북도 상주시 오대동
47250117,경상북도 상주시 흥각동
47250118,경상북도 상주시 거동동
47250119,경상북도 상주시 인평동
47250120,경상북도 상주시 서곡동
47250121,경상북도 상주시 화개동
47250122,경상북도 상주시 외답동
47250123,경상북도 상주시 헌신동
47250124,경상북도 상주시 병성동
47250125,경상북도 상주시 도남동
47250126,경상북도 상주시 낙상동
47250127,경상북도 상주시 중덕동
47250128,경상북도 상주시 초산동
47250129,경상북도 상주시 화산동
47250130,경상북도 상주시 계산동
47250131,경상북도 상주시 부원동
47250132,경상북도 상주시 죽전동
47250133,경상북도 상주시 만산동
47250134,경상북도 상주시 연원동
47250135,경상북도 상주시 남장동
47250136,경상북도 상주시 남적동
47250250,경상북도 상주시 함창읍
47250310,경상북도 상주시 중동면
47250320,경상북도 상주시 사벌면
47250330,경상북도 상주시 낙동면
47250340,경상북도 상주시 청리면
47250350,경상북도 상주시 공성면
47250360,경상북도 상주시 외남면
47250370,경상북도 상주시 내서면
47250380,경상북도 상주시 모동면
47250390,경상북도 상주시 모서면
47250400,경상북도 상주시 화동면
47250410,경상북도 상주시 화서면
47250420,경상북도 상주시 화북면
47250430,경상북도 상주시 외서면
47250440,경상북도 상주시 은척면
47250450,경상북도 상주시 공검면
47250460,경상북도 상주시 이안면
47250470,경상북도 상주시 화남면
47280101,경상북도 문경시 점촌동
47280102,경상북도 문경시 영신동
47280103,경상북도 문경시 흥덕동
47280104,경상북도 문경시 우지동
47280105,경상북도 문경시 창동
47280106,경상북도 문경시 신기동
47280107,경상북도 문경시 불정동
47280108,경상북도 문경시 유곡동
47280109,경상북도 문경시 공평동
47280110,경상북도 문경시 모전동
47280111,경상북도 문경시 윤직동
47280250,경상북도 문경시 문경읍
47280253,경상북도 문경시 가은읍
47280310,경상북도 문경시 영순면
47280320,경상북도 문경시 산양면
47280330,경상북도 문경시 호계면
47280340,경상북도 문경시 산북면
47280350,경상북도 문경시 동로면
47280360,경상북도 문경시 마성면
47280370,경상북도 문경시 농암면
47290101,경상북도 경산시 삼남동
47290102,경상북도 경산시 삼북동
47290103,경상북도 경산시 서상동
47290104,경상북도 경산시 신교동
47290105,경상북도 경산시 상방동
47290106,경상북도 경산시 백천동
47290107,경상북도 경산시 옥곡동
47290108,경상북도 경산시 사정동
47290109,경상북도 경산시 옥산동
47290110,경상북도 경산시 중산동
47290111,경상북도 경산시 정평동
47290112,경상북도 경산시 대평동
47290113,경상북도 경산시 대정동
47290114,경상북도 경산시 임당동
47290115,경상북도 경산시 대동
47290116,경상북도 경산시 계양동
47290117,경상북도 경산시 중방동
47290118,경상북도 경산시 조영동
47290119,경상북도 경산시 남방동
47290120,경상북도 경산시 내동
47290121,경상북도 경산시 여천동
47290122,경상북도 경산시 유곡동
47290123,경상북도 경산시 신천동
47290124,경상북도 경산시 점촌동
47290125,경상북도 경산시 평산동
47290126,경상북도 경산시 사동
47290127,경상북도 경산시 삼풍동
47290128,경상북도 경산시 갑제동
47290250,경상북도 경산시 하양읍
47290253,경상북도 경산시 진량읍
47290310,경상북도 경산시 와촌면
47290330,경상북도 경산시 자인면
47290340,경상북도 경산시 용성면
47290350,경상북도 경산시 남산면
47290360,경상북도 경산시 압량면
47290370,경상북도 경산시 남천면
47720250,경상북도 군위군 군위읍
47720310,경상북도 군위군 소보면
47720320,경상북도 군위군 효령면
47720330,경상북도 군위군 부계면
47720340,경상북도 군위군 우보면
47720350,경상북도 군위군 의흥면
47720360,경상북도 군위군 산성면
47720370,경상북도 군위군 고로면
47730250,경상북도 의성군 의성읍
47730310,경상북도 의성군 단촌면
47730320,경상북도 의성군 점곡면
47730330,경상북도 의성군 옥산면
47730340,경상북도 의성군 사곡면
47730350,경상북도 의성군 춘산면
47730360,경상북도 의성군 가음면
47730370,경상북도 의성군 금성면
47730380,경상북도 의성군 봉양면
47730390,경상북도 의성군 비안면
47730400,경상북도 의성군 구천면
47730410,경상북도 의성군 단밀면
47730420,경상북도 의성군 단북면
47730430,경상북도 의성군 안계면
47730440,경상북도 의성군 다인면
47730450,경상북도 의성군 신평면
47730460,경상북도 의성군 안평면
47730470,경상북도 의성군 안사면
47750250,경상북도 청송군 청송읍
47750310,경상북도 청송군 부동면
47750320,경상북도 청송군 부남면
47750330,경상북도 청송군 현동면
47750340,경상북도 청송군 현서면
47750350,경상북도 청송군 안덕면
47750360,경상북도 청송군 파천면
47750370,경상북도 청송군 진보면
47760250,경상북도 영양군 영양읍
47760310,경상북도 영양군 입암면
47760320,경상북도 영양군 청기면
47760330,경상북도 영양군 일월면
47760340,경상북도 영양군 수비면
47760350,경상북도 영양군 석보면
47770250,경상북도 영덕군 영덕읍
47770310,경상북도 영덕군 강구면
47770320,경상북도 영덕군 남정면
47770330,경상북도 영덕군 달산면
47770340,경상북도 영덕군 지품면
47770350,경상북도 영덕군 축산면
47770360,경상북도 영덕군 영해면
47770370,경상북도 영덕군 병곡면
47770380,경상북도 영덕군 창수면
47820250,경상북도 청도군 화양읍
47820253,경상북도 청도군 청도읍
47820310,경상북도 청도군 각남면
47820320,경상북도 청도군 풍각면
47820330,경상북도 청도군 각북면
47820340,경상북도 청도군 이서면
47820350,경상북도 청도군 운문면
47820360,경상북도 청도군 금천면
47820370,경상북도 청도군 매전면
47830253,경상북도 고령군 대가야읍
47830310,경상북도 고령군 덕곡면
47830320,경상북도 고령군 운수면
47830330,경상북도 고령군 성산면
47830340,경상북도 고령군 다산면
47830350,경상북도 고령군 개진면
47830360,경상북도 고령군 우곡면
47830370,경상북도 고령군 쌍림면
47840250,경상북도 성주군 성주읍
47840310,경상북도 성주군 선남면
47840320,경상북도 성주군 용암면
47840330,경상북도 성주군 수륜면
47840340,경상북도 성주군 가천면
47840350,경상북도 성주군 금수면
47840360,경상북도 성주군 대가면
47840370,경상북도 성주군 벽진면
47840380,경상북도 성주군 초전면
47840390,경상북도 성주군 월항면
47850250,경상북도 칠곡군 왜관읍
47850253,경상북도 칠곡군 북삼읍
47850256,경상북도 칠곡군 석적읍
47850310,경상북도 칠곡군 지천면
47850320,경상북도 칠곡군 동명면
47850330,경상북도 칠곡군 가산면
47850360,경상북도 칠곡군 약목면
47850370,경상북도 칠곡군 기산면
47900250,경상북도 예천군 예천읍
47900310,경상북도 예천군 용문면
47900340,경상북도 예천군 감천면
47900350,경상북도 예천군 보문면
47900360,경상북도 예천군 호명면
47900370,경상북도 예천군 유천면
47900380,경상북도 예천군 용궁면
47900390,경상북도 예천군 개포면
47900400,경상북도 예천군 지보면
47900410,경상북도 예천군 풍양면
47900420,경상북도 예천군 효자면
47900430,경상북도 예천군 은풍면
47920250,경상북도 봉화군 봉화읍
47920310,경상북도 봉화군 물야면
47920320,경상북도 봉화군 봉성면
47920330,경상북도 봉화군 법전면
47920340,경상북도 봉화군 춘양면
47920350,경상북도 봉화군 소천면
47920360,경상북도 봉화군 재산면
47920370,경상북도 봉화군 명호면
47920380,경상북도 봉화군 상운면
47920390,경상북도 봉화군 석포면
47930250,경상북도 울진군 울진읍
47930253,경상북도 울진군 평해읍
47930310,경상북도 울진군 북면
47930330,경상북도 울진군 근남면
47930350,경상북도 울진군 기성면
47930360,경상북도 울진군 온정면
47930370,경상북도 울진군 죽변면
47930380,경상북도 울진군 후포면
47930390,경상북도 울진군 금강송면
47930400,경상북도 울진군 매화면
47940250,경상북도 울릉군 울릉읍
47940310,경상북도 울릉군 서면
47940320,경상북도 울릉군 북면
48121000,경상남도 창원시 의창구
48123000,경상남도 창원시 성산구
48125000,경상남도 창원시 마산합포구
48127000,경상남도 창원시 마산회원구
48129000,경상남도 창원시 진해구
48170101,경상남도 진주시 망경동
48170102,경상남도 진주시 주약동
48170103,경상남도 진주시 강남동
48170104,경상남도 진주시 칠암동
48170105,경상남도 진주시 본성동
48170106,경상남도 진주시 동성동
48170107,경상남도 진주시 남성동
48170108,경상남도 진주시 인사동
48170109,경상남도 진주시 대안동
48170110,경상남도 진주시 평안동
48170111,경상남도 진주시 중안동
48170112,경상남도 진주시 계동
48170113,경상남도 진주시 봉곡동
48170114,경상남도 진주시 상봉동
48170115,경상남도 진주시 봉래동
48170116,경상남도 진주시 수정동
48170117,경상남도 진주시 장대동
48170118,경상남도 진주시 옥봉동
48170119,경상남도 진주시 상대동
48170120,경상남도 진주시 하대동
48170121,경상남도 진주시 상평동
48170122,경상남도 진주시 초전동
48170123,경상남도 진주시 장재동
48170124,경상남도 진주시 하촌동
48170125,경상남도 진주시 신안동
48170126,경상남도 진주시 평거동
48170127,경상남도 진주시 이현동
48170128,경상남도 진주시 유곡동
48170129,경상남도 진주시 판문동
48170130,경상남도 진주시 귀곡동
48170131,경상남도 진주시 가좌동
48170132,경상남도 진주시 호탄동
48170137,경상남도 진주시 충무공동
48170250,경상남도 진주시 문산읍
48170310,경상남도 진주시 내동면
48170320,경상남도 진주시 정촌면
48170330,경상남도 진주시 금곡면
48170350,경상남도 진주시 진성면
48170360,경상남도 진주시 일반성면
48170370,경상남도 진주시 이반성면
48170380,경상남도 진주시 사봉면
48170390,경상남도 진주시 지수면
48170400,경상남도 진주시 대곡면
48170410,경상남도 진주시 금산면
48170420,경상남도 진주시 집현면
48170430,경상남도 진주시 미천면
48170440,경상남도 진주시 명석면
48170450,경상남도 진주시 대평면
48170460,경상남도 진주시 수곡면
48220101,경상남도 통영시 도천동
48220102,경상남도 통영시 서호동
48220103,경상남도 통영시 명정동
48220104,경상남도 통영시 항남동
48220105,경상남도 통영시 중앙동
48220106,경상남도 통영시 문화동
48220107,경상남도 통영시 태평동
48220108,경상남도 통영시 동호동
48220109,경상남도 통영시 정량동
48220110,경상남도 통영시 북신동
48220111,경상남도 통영시 무전동
48220112,경상남도 통영시 평림동
48220113,경상남도 통영시 인평동
48220114,경상남도 통영시 당동
48220115,경상남도 통영시 미수동
48220116,경상남도 통영시 봉평동
48220117,경상남도 통영시 도남동
48220250,경상남도 통영시 산양읍
48220310,경상남도 통영시 용남면
48220330,경상남도 통영시 도산면
48220340,경상남도 통영시 광도면
48220350,경상남도 통영시 욕지면
48220360,경상남도 통영시 한산면
48220370,경상남도 통영시 사량면
48240101,경상남도 사천시 동동
48240102,경상남도 사천시 서동
48240103,경상남도 사천시 선구동
48240104,경상남도 사천시 동금동
48240105,경상남도 사천시 서금동
48240106,경상남도 사천시 동림동
48240107,경상남도 사천시 좌룡동
48240108,경상남도 사천시 벌리동
48240109,경상남도 사천시 용강동
48240110,경상남도 사천시 와룡동
48240111,경상남도 사천시 봉남동
48240112,경상남도 사천시 이금동
48240113,경상남도 사천시 이홀동
48240114,경상남도 사천시 궁지동
48240115,경상남도 사천시 사등동
48240116,경상남도 사천시 향촌동
48240117,경상남도 사천시 대방동
48240118,경상남도 사천시 실안동
48240119,경상남도 사천시 마도동
48240120,경상남도 사천시 늑도동
48240121,경상남도 사천시 신수동
48240122,경상남도 사천시 백천동
48240123,경상남도 사천시 신벽동
48240124,경상남도 사천시 노룡동
48240125,경상남도 사천시 대포동
48240126,경상남도 사천시 송포동
48240127,경상남도 사천시 죽림동
48240250,경상남도 사천시 사천읍
48240310,경상남도 사천시 정동면
48240320,경상남도 사천시 사남면
48240330,경상남도 사천시 용현면
48240340,경상남도 사천시 축동면
48240350,경상남도 사천시 곤양면
48240360,경상남도 사천시 곤명면
48240370,경상남도 사천시 서포면
48250101,경상남도 김해시 동상동
48250102,경상남도 김해시 서상동
48250103,경상남도 김해시 부원동
48250104,경상남도 김해시 봉황동
48250105,경상남도 김해시 대성동
48250106,경상남도 김해시 구산동
48250107,경상남도 김해시 삼계동
48250108,경상남도 김해시 내동
48250111,경상남도 김해시 풍유동
48250112,경상남도 김해시 명법동
48250113,경상남도 김해시 이동
48250114,경상남도 김해시 화목동
48250115,경상남도 김해시 전하동
48250116,경상남도 김해시 강동
48250117,경상남도 김해시 삼정동
48250118,경상남도 김해시 어방동
48250119,경상남도 김해시 삼방동
48250120,경상남도 김해시 안동
48250121,경상남도 김해시 지내동
48250122,경상남도 김해시 불암동
48250123,경상남도 김해시 유하동
48250124,경상남도 김해시 내덕동
48250125,경상남도 김해시 부곡동
48250126,경상남도 김해시 무계동
48250127,경상남도 김해시 신문동
48250128,경상남도 김해시 삼문동
48250129,경상남도 김해시 대청동
48250130,경상남도 김해시 관동동
48250131,경상남도 김해시 율하동
48250132,경상남도 김해시 장유동
48250133,경상남도 김해시 응달동
48250134,경상남도 김해시 수가동
48250250,경상남도 김해시 진영읍
48250320,경상남도 김해시 주촌면
48250330,경상남도 김해시 진례면
48250340,경상남도 김해시 한림면
48250350,경상남도 김해시 생림면
48250360,경상남도 김해시 상동면
48250370,경상남도 김해시 대동면
48270101,경상남도 밀양시 내일동
48270102,경상남도 밀양시 내이동
48270103,경상남도 밀양시 교동
48270104,경상남도 밀양시 삼문동
48270105,경상남도 밀양시 남포동
48270106,경상남도 밀양시 용평동
48270107,경상남도 밀양시 활성동
48270108,경상남도 밀양시 가곡동
48270250,경상남도 밀양시 삼랑진읍
48270253,경상남도 밀양시 하남읍
48270310,경상남도 밀양시 부북면
48270320,경상남도 밀양시 상동면
48270330,경상남도 밀양시 산외면
48270340,경상남도 밀양시 산내면
48270350,경상남도 밀양시 단장면
48270360,경상남도 밀양시 상남면
48270370,경상남도 밀양시 초동면
48270380,경상남도 밀양시 무안면
48270390,경상남도 밀양시 청도면
48310101,경상남도 거제시 능포동
48310102,경상남도 거제시 장승포동
48310103,경상남도 거제시 두모동
48310104,경상남도 거제시 아양동
48310105,경상남도 거제시 아주동
48310106,경상남도 거제시 옥포동
48310107,경상남도 거제시 덕포동
48310108,경상남도 거제시 장평동
48310109,경상남도 거제시 고현동
48310110,경상남도 거제시 상동동
48310111,경상남도 거제시 문동동
48310112,경상남도 거제시 삼거동
48310113,경상남도 거제시 양정동
48310114,경상남도 거제시 수월동
48310310,경상남도 거제시 일운면
48310320,경상남도 거제시 동부면
48310330,경상남도 거제시 남부면
48310340,경상남도 거제시 거제면
48310350,경상남도 거제시 둔덕면
48310360,경상남도 거제시 사등면
48310370,경상남도 거제시 연초면
48310380,경상남도 거제시 하청면
48310390,경상남도 거제시 장목면
48330101,경상남도 양산시 다방동
48330102,경상남도 양산시 남부동
48330103,경상남도 양산시 중부동
48330104,경상남도 양산시 북부동
48330105,경상남도 양산시 명곡동
48330106,경상남도 양산시 신기동
48330107,경상남도 양산시 북정동
48330108,경상남도 양산시 산막동
48330109,경상남도 양산시 호계동
48330110,경상남도 양산시 교동
48330111,경상남도 양산시 유산동
48330112,경상남도 양산시 어곡동
48330113,경상남도 양산시 용당동
48330114,경상남도 양산시 삼호동
48330115,경상남도 양산시 명동
48330116,경상남도 양산시 주남동
48330117,경상남도 양산시 소주동
48330118,경상남도 양산시 주진동
48330119,경상남도 양산시 평산동
48330120,경상남도 양산시 덕계동
48330121,경상남도 양산시 매곡동
48330253,경상남도 양산시 물금읍
48330310,경상남도 양산시 동면
48330320,경상남도 양산시 원동면
48330330,경상남도 양산시 상북면
48330340,경상남도 양산시 하북면
48720250,경상남도 의령군 의령읍
48720310,경상남도 의령군 가례면
48720320,경상남도 의령군 칠곡면
48720330,경상남도 의령군 대의면
48720340,경상남도 의령군 화정면
48720350,경상남도 의령군 용덕면
48720360,경상남도 의령군 정곡면
48720370,경상남도 의령군 지정면
48720380,경상남도 의령군 낙서면
48720390,경상남도 의령군 부림면
48720400,경상남도 의령군 봉수면
48720415,경상남도 의령군 궁류면
48720420,경상남도 의령군 유곡면
48730250,경상남도 함안군 가야읍
48730253,경상남도 함안군 칠원읍
48730310,경상남도 함안군 함안면
48730320,경상남도 함안군 군북면
48730330,경상남도 함안군 법수면
48730340,경상남도 함안군 대산면
48730350,경상남도 함안군 칠서면
48730360,경상남도 함안군 칠북면
48730380,경상남도 함안군 산인면
48730390,경상남도 함안군 여항면
48740250,경상남도 창녕군 창녕읍
48740253,경상남도 창녕군 남지읍
48740310,경상남도 창녕군 고암면
48740320,경상남도 창녕군 성산면
48740330,경상남도 창녕군 대합면
48740340,경상남도 창녕군 이방면
48740350,경상남도 창녕군 유어면
48740360,경상남도 창녕군 대지면
48740370,경상남도 창녕군 계성면
48740380,경상남도 창녕군 영산면
48740390,경상남도 창녕군 장마면
48740400,경상남도 창녕군 도천면
48740410,경상남도 창녕군 길곡면
48740420,경상남도 창녕군 부곡면
48820250,경상남도 고성군 고성읍
48820310,경상남도 고성군 삼산면
48820320,경상남도 고성군 하일면
48820330,경상남도 고성군 하이면
48820340,경상남도 고성군 상리면
48820350,경상남도 고성군 대가면
48820360,경상남도 고성군 영현면
48820370,경상남도 고성군 영오면
48820380,경상남도 고성군 개천면
48820390,경상남도 고성군 구만면
48820400,경상남도 고성군 회화면
48820410,경상남도 고성군 마암면
48820420,경상남도 고성군 동해면
48820430,경상남도 고성군 거류면
48840250,경상남도 남해군 남해읍
48840310,경상남도 남해군 이동면
48840320,경상남도 남해군 상주면
48840330,경상남도 남해군 삼동면
48840340,경상남도 남해군 미조면
48840350,경상남도 남해군 남면
48840360,경상남도 남해군 서면
48840370,경상남도 남해군 고현면
48840380,경상남도 남해군 설천면
48840390,경상남도 남해군 창선면
48850250,경상남도 하동군 하동읍
48850310,경상남도 하동군 화개면
48850320,경상남도 하동군 악양면
48850330,경상남도 하동군 적량면
48850340,경상남도 하동군 횡천면
48850350,경상남도 하동군 고전면
48850360,경상남도 하동군 금남면
48850370,경상남도 하동군 진교면
48850380,경상남도 하동군 양보면
48850390,경상남도 하동군 북천면
48850400,경상남도 하동군 청암면
48850410,경상남도 하동군 옥종면
48850420,경상남도 하동군 금성면
48860250,경상남도 산청군 산청읍
48860310,경상남도 산청군 차황면
48860320,경상남도 산청군 오부면
48860330,경상남도 산청군 생초면
48860340,경상남도 산청군 금서면
48860350,경상남도 산청군 삼장면
48860360,경상남도 산청군 시천면
48860370,경상남도 산청군 단성면
48860380,경상남도 산청군 신안면
48860390,경상남도 산청군 생비량면
48860400,경상남도 산청군 신등면
48870250,경상남도 함양군 함양읍
48870310,경상남도 함양군 마천면
48870320,경상남도 함양군 휴천면
48870330,경상남도 함양군 유림면
48870340,경상남도 함양군 수동면
48870350,경상남도 함양군 지곡면
48870360,경상남도 함양군 안의면
48870370,경상남도 함양군 서하면
48870380,경상남도 함양군 서상면
48870390,경상남도 함양군 백전면
48870400,경상남도 함양군 병곡면
48880250,경상남도 거창군 거창읍
48880310,경상남도 거창군 주상면
48880320,경상남도 거창군 웅양면
48880330,경상남도 거창군 고제면
48880340,경상남도 거창군 북상면
48880350,경상남도 거창군 위천면
48880360,경상남도 거창군 마리면
48880370,경상남도 거창군 남상면
48880380,경상남도 거창군 남하면
48880390,경상남도 거창군 신원면
48880400,경상남도 거창군 가조면
48880410,경상남도 거창군 가북면
48890250,경상남도 합천군 합천읍
48890310,경상남도 합천군 봉산면
48890320,경상남도 합천군 묘산면
48890330,경상남도 합천군 가야면
48890340,경상남도 합천군 야로면
48890350,경상남도 합천군 율곡면
48890360,경상남도 합천군 초계면
48890370,경상남도 합천군 쌍책면
48890380,경상남도 합천군 덕곡면
48890390,경상남도 합천군 청덕면
48890400,경상남도 합천군 적중면
48890410,경상남도 합천군 대양면
48890420,경상남도 합천군 쌍백면
48890430,경상남도 합천군 삼가면
48890440,경상남도 합천군 가회면
48890450,경상남도 합천군 대병면
48890460,경상남도 합천군 용주면
50110101,제주특별자치도 제주시 일도일동
50110102,제주특별자치도 제주시 일도이동
50110103,제주특별자치도 제주시 이도일동
50110104,제주특별자치도 제주시 이도이동
50110105,제주특별자치도 제주시 삼도일동
50110106,제주특별자치도 제주시 삼도이동
50110107,제주특별자치도 제주시 건입동
50110108,제주특별자치도 제주시 용담일동
50110109,제주특별자치도 제주시 용담이동
50110110,제주특별자치도 제주시 용담삼동
50110111,제주특별자치도 제주시 화북일동
50110112,제주특별자치도 제주시 화북이동
50110113,제주특별자치도 제주시 삼양일동
50110114,제주특별자치도 제주시 삼양이동
50110115,제주특별자치도 제주시 삼양삼동
50110116,제주특별자치도 제주시 봉개동
50110117,제주특별자치도 제주시 아라일동
50110118,제주특별자치도 제주시 아라이동
50110119,제주특별자치도 제주시 오라일동
50110120,제주특별자치도 제주시 오라이동
50110121,제주특별자치도 제주시 오라삼동
50110122,제주특별자치도 제주시 노형동
50110123,제주특별자치도 제주시 외도일동
50110124,제주특별자치도 제주시 외도이동
50110125,제주특별자치도 제주시 이호일동
50110126,제주특별자치도 제주시 이호이동
50110127,제주특별자치도 제주시 도두일동
50110128,제주특별자치도 제주시 도두이동
50110129,제주특별자치도 제주시 도남동
50110130,제주특별자치도 제주시 도련일동
50110131,제주특별자치도 제주시 도련이동
50110132,제주특별자치도 제주시 용강동
50110133,제주특별자치도 제주시 회천동
50110134,제주특별자치도 제주시 오등동
50110135,제주특별자치도 제주시 월평동
50110136,제주특별자치도 제주시 영평동
50110137,제주특별자치도 제주시 연동
50110138,제주특별자치도 제주시 도평동
50110139,제주특별자치도 제주시 해안동
50110140,제주특별자치도 제주시 내도동
50110250,제주특별자치도 제주시 한림읍
50110253,제주특별자치도 제주시 애월읍
50110256,제주특별자치도 제주시 구좌읍
50110259,제주특별자치도 제주시 조천읍
50110310,제주특별자치도 제주시 한경면
50110320,제주특별자치도 제주시 추자면
50110330,제주특별자치도 제주시 우도면
50130101,제주특별자치도 서귀포시 서귀동
50130102,제주특별자치도 서귀포시 법환동
50130103,제주특별자치도 서귀포시 서호동
50130104,제주특별자치도 서귀포시 호근동
50130105,제주특별자치도 서귀포시 동홍동
50130106,제주특별자치도 서귀포시 서홍동
50130107,제주특별자치도 서귀포시 상효동
50130108,제주특별자치도 서귀포시 하효동
50130109,제주특별자치도 서귀포시 신효동
50130110,제주특별자치도 서귀포시 보목동
50130111,제주특별자치도 서귀포시 토평동
50130112,제주특별자치도 서귀포시 중문동
50130113,제주특별자치도 서귀포시 회수동
50130114,제주특별자치도 서귀포시 대포동
50130115,제주특별자치도 서귀포시 월평동
50130116,제주특별자치도 서귀포시 강정동
50130117,제주특별자치도 서귀포시 도순동
50130118,제주특별자치도 서귀포시 하원동
50130119,제주특별자치도 서귀포시 색달동
50130120,제주특별자치도 서귀포시 상예동
50130121,제주특별자치도 서귀포시 하예동
50130122,제주특별자치도 서귀포시 영남동
50130250,제주특별자치도 서귀포시 대정읍
50130253,제주특별자치도 서귀포시 남원읍
50130259,제주특별자치도 서귀포시 성산읍
50130310,제주특별자치도 서귀포시 안덕면
50130320,제주특별자치도 서귀포시 표선면
